-- phpMyAdmin SQL Dump
-- version 4.8.3
-- https://www.phpmyadmin.net/
--
-- Hôte : 127.0.0.1:3306
-- Généré le :  ven. 12 nov. 2021 à 18:08
-- Version du serveur :  5.7.23
-- Version de PHP :  7.2.10

SET SQL_MODE = "NO_AUTO_VALUE_ON_ZERO";
SET AUTOCOMMIT = 0;
START TRANSACTION;
SET time_zone = "+00:00";


/*!40101 SET @OLD_CHARACTER_SET_CLIENT=@@CHARACTER_SET_CLIENT */;
/*!40101 SET @OLD_CHARACTER_SET_RESULTS=@@CHARACTER_SET_RESULTS */;
/*!40101 SET @OLD_COLLATION_CONNECTION=@@COLLATION_CONNECTION */;
/*!40101 SET NAMES utf8mb4 */;

--
-- Base de données :  `jourvie_synthese`
--

-- --------------------------------------------------------

--
-- Structure de la table `commentaires`
--

DROP TABLE IF EXISTS `commentaires`;
CREATE TABLE IF NOT EXISTS `commentaires` (
  `Id` int(11) NOT NULL AUTO_INCREMENT,
  `Contenu` varchar(1000) CHARACTER SET utf8 DEFAULT NULL,
  `Horodateur` datetime NOT NULL,
  `Session_Id` int(11) DEFAULT NULL,
  `Developpeur_Id` int(11) DEFAULT NULL,
  PRIMARY KEY (`Id`),
  UNIQUE KEY `Id` (`Id`),
  KEY `Session_Id` (`Session_Id`),
  KEY `Developpeur_Id` (`Developpeur_Id`)
) ENGINE=MyISAM AUTO_INCREMENT=1075 DEFAULT CHARSET=latin1;

--
-- Déchargement des données de la table `commentaires`
--

INSERT INTO `commentaires` (`Id`, `Contenu`, `Horodateur`, `Session_Id`, `Developpeur_Id`) VALUES
(1, 'on reprend le développement du component Journal', '2021-09-29 23:47:57', 1, 10),
(2, 'je prend le code sur teams 3D4-102 23-sept', '2021-09-29 23:51:25', 1, 10),
(3, 'Préapration du fichier de contrats   dépot sur Teams', '2021-09-30 13:15:13', 2, 10),
(4, '   ', '2021-09-30 13:15:25', 2, 10),
(5, 'demo aux etudiant de 5C8', '2021-09-30 14:30:02', 4, 10),
(6, 'correction de la BD 5C8', '2021-09-30 14:30:34', 7, 10),
(7, 'bidon', '2021-09-30 14:37:30', 24, 7),
(8, 'Je fais la Vue de gestion de groupe', '2021-09-30 15:04:27', 27, 3),
(9, 'Première réunion', '2021-09-30 15:05:40', 28, 4),
(10, 'J\'ai fait la base du MainWindow du professeur.', '2021-09-30 15:29:30', 27, 3),
(11, 'Réunion 1- Résumé de progression', '2021-09-30 15:38:23', 29, 9),
(12, 'Entrain de modifier notre projet de démarrage EOLEOL', '2021-09-30 15:39:19', 26, 5),
(13, 'Créer les files initiaux du projet', '2021-09-30 15:41:26', 28, 4),
(14, 'rencontre avec James (AQY)', '2021-09-30 15:48:42', 30, 10),
(15, 'rencnotre avec francois', '2021-09-30 15:49:24', 32, 10),
(16, 'Réunion 1 - Création du projet de base', '2021-09-30 16:07:08', 29, 9),
(17, 'Nous avons pensé comment sera le visuel pour ajouter un grouEOLEOLpe', '2021-09-30 16:12:04', 34, 3),
(18, 'Réunion 1 - Mise en place de la bd', '2021-09-30 16:40:02', 29, 9),
(19, 'Création d\'un popup pour créer un groupe', '2021-09-30 16:43:56', 34, 3),
(20, 'Retour de rencontre avec Alain', '2021-09-30 16:53:28', 35, 4),
(21, 'réussie connecter la base de donné sur notre domaine de projEOLEOLet', '2021-09-30 16:53:44', 26, 5),
(22, 'Discute des changements a la nomenclature de nos ables', '2021-09-30 16:54:13', 26, 5),
(23, 'premiere rencontre avec le clientEOLEOL', '2021-09-30 17:06:58', 36, 7),
(24, 'Réunion 1 - Mise en place de la bd (suite)', '2021-09-30 17:11:39', 29, 9),
(25, 'Changement d\'opacité du mainwindow quand il y a un popup', '2021-09-30 17:15:36', 34, 3),
(26, 'Fin de la réunion, beaucoup de travail sur les BD', '2021-09-30 17:36:49', 35, 4),
(27, 'Fini le projet de démarrage commun', '2021-09-30 17:36:56', 26, 5),
(28, 'Un peu de temps avant le début du premier cours de la journéEOLEOLe, retrouver comment gérer les branches', '2021-10-01 07:32:11', 37, 4),
(29, 'Relancer le développement à froid est un peu rough, surtout EOLEOLrecomprendre comment loader les infos par l\'ORM', '2021-10-01 08:01:11', 37, 4),
(30, 'Début RU-1 - Création de l\'interface', '2021-10-01 10:06:34', 38, 9),
(31, 'test', '2021-10-01 10:11:03', 40, 6),
(32, 'RU-1 - Création de l\'interface (suite)', '2021-10-01 10:36:32', 38, 9),
(33, 'RU-1 - Création de la commande d\'insertion et tentative d\'inEOLEOLsertion en bd', '2021-10-01 11:06:12', 38, 9),
(34, 'Et on s\'y remet de la maison', '2021-10-01 11:13:31', 44, 4),
(35, 'Nous avons discutés d\'une bibliothèque pour le style.', '2021-10-01 11:15:46', 45, 3),
(36, 'RU-1 - Hashing et validation du mot de passe', '2021-10-01 11:40:08', 38, 9),
(37, 'J\'ai créé une paire de cryptos dans la BD pis créé le code pEOLEOLour le loadé de la BD vers l\'app', '2021-10-01 11:45:17', 44, 4),
(38, 'Je travaille actuellement sur l\'ajout de choix à une questioEOLEOLn à choix multiple. J\'ai ajouté une table choix à la BD au liEOLEOLeu de garder dans une string les différents choix (qui étaitEOLEOL l\'alternative que l\'on avait au départ).', '2021-10-01 11:46:28', 46, 2),
(39, 'Designer XAML semble ne pas fonctionner, recherche sur interEOLEOLnet ne donne pas de réponse adéquate', '2021-10-01 11:57:45', 48, 1),
(40, 'Amélioration du Popup de la vue gestionGroupe', '2021-10-01 11:58:02', 47, 3),
(41, 'RU-1 - Hashing et validation de mot de passe (suite)', '2021-10-01 12:10:44', 38, 9),
(42, 'Retour du diner, voyons si on peut afficher les cryptos hardEOLEOLcodées en BD avant de faire lire le fichier texte', '2021-10-01 12:13:37', 51, 4),
(43, 'Je suis incapable de procéder donc je vais arrêter pour l\'inEOLEOLstant', '2021-10-01 12:15:21', 48, 1),
(44, 'Je suis actuellement coince sur un erreur dont j\'essaye de tEOLEOLrouver la cause. sa semble être une balise non fermée', '2021-10-01 12:16:10', 46, 2),
(45, 'Bug avec github et création de ma brancheEOLEOL', '2021-10-01 12:23:35', 50, 5),
(46, 'Il y a toujours des détails oubliés, genre un champ pour lesEOLEOL fonds de l\'utilisateur...', '2021-10-01 12:35:25', 51, 4),
(47, 'Correction du visuel de la page CreationGroupe', '2021-10-01 12:40:24', 47, 3),
(48, 'Test', '2021-10-01 12:42:04', 56, 8),
(49, 'RU-1 - Hashing et validation de mot de passe (suite)', '2021-10-01 12:43:37', 38, 9),
(50, 'beaucoup de probleme avec github', '2021-10-01 13:05:27', 50, 5),
(51, 'Nous avons démarré le projet avec Quasar.EOLEOLJ\'ai constaté une erreur dans mon nom sur le site jourvie. SEOLEOLt-Pierre et non Saint-Pierre', '2021-10-01 13:07:21', 57, 8),
(52, 'Recherche sur quasarEOLEOL', '2021-10-01 13:08:24', 52, 6),
(53, 'Comparaison entre Quasar/Electron et WPF/C', '2021-10-01 13:09:52', 55, 7),
(54, 'RU-1 - Validation des autres données', '2021-10-01 13:14:55', 38, 9),
(55, 'Ouais mais quand on est concentré, c\'est dûr de s\'arrêter auEOLEOLx 30 minutes', '2021-10-01 13:16:15', 51, 4),
(56, 'régler les problème avec github (je crois)', '2021-10-01 13:21:31', 50, 5),
(57, 'Premier push significatif, on peut lire le .txt, le loader dEOLEOLans la ram et afficher dasn un datagrid dans l\'écran Titres', '2021-10-01 13:30:33', 51, 4),
(58, 'fais les controles pour les fond d\'un utilisateur', '2021-10-01 13:35:34', 50, 5),
(59, 'arranger github', '2021-10-01 13:39:14', 58, 6),
(60, 'Configuration et ajustement de problématiques avec GitHub', '2021-10-01 13:39:24', 55, 7),
(61, 'Nous tentons de faire fonctionner Github.', '2021-10-01 13:39:34', 57, 8),
(62, 'Joies de comparer des DateTime...', '2021-10-01 13:56:44', 51, 4),
(63, 'Nous avons démystifié Git', '2021-10-01 14:03:46', 57, 8),
(64, 'github', '2021-10-01 14:06:54', 58, 6),
(65, 'Suite...', '2021-10-01 14:13:45', 55, 7),
(66, 'Je crois que j\'ai fini les méthodes de base de la simulationEOLEOL, reste à les tester un peu plus et à créer la boucle infinieEOLEOL qui vérifie le temps sur un thread à part', '2021-10-01 14:16:37', 51, 4),
(67, 'RU-1 - Validation de la complexité du mot de passe. On validEOLEOLe aussi que le mot de passe entré se correspond dans les deuxEOLEOL champs', '2021-10-01 14:16:43', 59, 9),
(68, 'Finalement utiliser une boucle async semble mieuxEOLEOL', '2021-10-01 14:32:31', 51, 4),
(69, 'Division des tâches avec le client', '2021-10-01 14:44:47', 55, 7),
(70, 'Joie, à cause des interractions des statics et this etc, j\'aEOLEOLi pas mis la liste des cryptos à la bonne place et il faut quEOLEOLe je refactore pour pouvoir effectuer un OnPropertyChanged cEOLEOLorrectement', '2021-10-01 14:45:41', 51, 4),
(71, 'RU-1 - Validation des données entré par l\'utilisateur. (ValiEOLEOLdation de longueur et de format)', '2021-10-01 14:48:01', 59, 9),
(72, 'je mes fait déranger par ma soeur', '2021-10-01 14:56:48', 61, 5),
(73, 'Bon, la mise à jour se fait dans le back ground, mais le datEOLEOLagrid n\'est pas mis à jour à chaque changement', '2021-10-01 15:08:52', 51, 4),
(74, 'je regarde pour prendre seulement un enregistrement dans la EOLEOLbase sql', '2021-10-01 15:12:58', 61, 5),
(75, 'Probleme avec la connexion avec la base sql', '2021-10-01 15:40:59', 61, 5),
(76, 'C\'est vraiment dérangeant ces absences de mise à jour!EOLEOL', '2021-10-01 15:44:59', 51, 4),
(77, 'BOn ça s\'uffir, j\'arrête pour la journée et je reprendrai à EOLEOLtête reposée', '2021-10-01 15:55:10', 51, 4),
(78, 'j\'ai fait les property change et le visuel pour l\'instant', '2021-10-01 16:11:43', 61, 5),
(79, 'je vais m\'arreter, je vais avoir besoin d\'aide pour la conneEOLEOLxion a la BD.', '2021-10-01 16:29:04', 61, 5),
(80, 'setup du projet à la maison', '2021-10-01 18:09:56', 64, 6),
(81, 'j\'ai oublier de mettre mon commentaire, mais j\'ai avancée suEOLEOLr le deseigne de la page principale de l\'application', '2021-10-01 18:50:42', 67, 6),
(82, 'RU-1 - Modification de la bd pour accomodé les validations eEOLEOLt le salt', '2021-10-02 18:40:58', 68, 9),
(83, 'RU-1 - Gestion des exception de la base de données', '2021-10-02 19:13:36', 68, 9),
(84, 'RU-1 - Validation des entrées', '2021-10-02 19:21:07', 68, 9),
(85, 'RU-1 - Fin session', '2021-10-02 19:50:36', 68, 9),
(86, 'RU-1 - Recherche sur les usercontrols et les viewmodels', '2021-10-03 10:01:11', 69, 9),
(87, 'RU-1 - Supression des viewmodels de mes userControl en faveuEOLEOLr d\'un seul lié à la page', '2021-10-03 10:27:40', 69, 9),
(88, 'RU-1 - Ajout du regex pour le courriel', '2021-10-03 11:02:24', 69, 9),
(89, 'Regarder une librairie pour de style pour le projet.', '2021-10-03 12:31:08', 71, 5),
(90, 'je m\'envais diner', '2021-10-03 12:44:44', 71, 5),
(91, 'je fait de la recherche sur quasar et j\'essaye de faire la pEOLEOLage principale', '2021-10-03 12:48:48', 70, 6),
(92, 'Installation de l\'environnement de développement sur mon ordEOLEOLinateur personnel', '2021-10-03 13:08:16', 72, 7),
(93, 'continue les recherches', '2021-10-03 13:18:19', 70, 6),
(94, 'RU-2 - Création de l\'interface de connexion', '2021-10-03 13:29:40', 73, 9),
(95, 'Exploration de Quasar et Electron', '2021-10-03 13:37:23', 72, 7),
(96, 'je teste quasar pour voir si j\'aime ça', '2021-10-03 13:48:51', 70, 6),
(97, 'RU-2 - Création de l\'interface de connexion', '2021-10-03 14:03:00', 73, 9),
(98, 'Comparaison de Quasar et WPF', '2021-10-03 14:09:23', 72, 7),
(99, 'je pense on va faire du wpf', '2021-10-03 14:19:25', 70, 6),
(100, 'Remise en question, essai avec WPF', '2021-10-03 14:35:13', 72, 7),
(101, 'wpf ne marche pas à cause d\'un problème de nuget', '2021-10-03 14:49:46', 74, 6),
(102, 'Création de l\'interface graphique de connexion', '2021-10-03 15:04:36', 75, 7),
(103, 'wpf marche', '2021-10-03 15:19:49', 74, 6),
(104, 'Suite', '2021-10-03 15:33:17', 75, 7),
(105, 'la page d\'ajout de locataire avance', '2021-10-03 15:49:47', 76, 6),
(106, 'RU-2 - Création des propriétés et de la méthode de connexion', '2021-10-03 16:00:58', 77, 9),
(107, 'Création de l\'interface graphique de création de compte', '2021-10-03 16:02:23', 75, 7),
(108, 'Création du menu de gauche', '2021-10-03 16:19:44', 76, 6),
(109, 'Nous essayons de debuger James !!', '2021-10-03 16:22:48', 78, 3),
(110, 'Mes coéquipiers m\'aide a régler mes problèmes techniques aveEOLEOLc visual studio', '2021-10-03 16:22:52', 79, 1),
(111, 'RU-2 - Test de query à la bd avec une condition where', '2021-10-03 16:31:01', 77, 9),
(112, 'j\'ai fini le menu de gauche', '2021-10-03 16:32:44', 76, 6),
(113, 'Suite', '2021-10-03 16:34:48', 75, 7),
(114, 'Mon problème a été résolu', '2021-10-03 16:36:06', 79, 1),
(115, 'Suite', '2021-10-03 16:53:36', 75, 7),
(116, 'RU-2 - Validation des informations entré par l\'utilisateur pEOLEOLour la connexion', '2021-10-03 17:02:17', 77, 9),
(117, 'RU-2 - Recherche sur la fermeture de fenêtre à partir du vieEOLEOLwModel', '2021-10-03 17:17:54', 77, 9),
(118, 'Création de l\'interface graphique de création et du menu latEOLEOLéral', '2021-10-03 17:19:31', 80, 7),
(119, 'Suite et gestion des user controls', '2021-10-03 17:44:05', 80, 7),
(120, 'Gestion des user controls et réflexion de la logique d\'utiliEOLEOLsation de ceux-ci', '2021-10-03 18:12:41', 80, 7),
(121, 'Suite', '2021-10-03 18:41:40', 80, 7),
(122, 'System.StackOverflowException sur la déclaration d\'un UC', '2021-10-03 18:42:03', 80, 7),
(123, 'je vais arranger la bd', '2021-10-03 19:07:07', 82, 6),
(124, 'j\'ai fait les tests avec la bd', '2021-10-03 19:20:29', 82, 6),
(125, 'j\'ai réussi a faire fonctionner l\'affichge des donnée pour lEOLEOL\'utilisateur', '2021-10-03 19:26:09', 81, 5),
(126, 'On s’y remet à frais', '2021-10-04 10:49:43', 83, 4),
(127, 'Parser un string en float plante sur centaines machines, pouEOLEOLr certaines un . Est attendu, d’autres une , … Ajouter CulturEOLEOLeInfo.InvariantCulture pour le régler', '2021-10-04 10:56:42', 83, 4),
(128, 'Enfin réglé mon problème de mise à jour! Il fallait internetEOLEOL implémenter INotifyPropertyChanged dans l’objet Crypto indivEOLEOLiduel, pas juste sur la liste des cryptos', '2021-10-04 11:02:22', 83, 4),
(129, 'Bon avec les problèmes d’internet et un paquet de troubles qEOLEOLui semblent dues au merge, je vais attendre d’être de retour EOLEOLchez moi pour continuer', '2021-10-04 11:27:31', 84, 4),
(130, 'Essaye de mettre les etudiants  de la bd dans un listbox', '2021-10-04 11:57:12', 86, 3),
(131, 'S\'attaquer au visuel un peu', '2021-10-04 12:19:05', 87, 4),
(132, 'bien configuré le github', '2021-10-04 14:46:55', 88, 5),
(133, 'RU-2 - Recherche sur la fermeture de fenêtre', '2021-10-04 15:12:45', 90, 9),
(134, 'RU-2 - Changement de l\'interface', '2021-10-04 15:43:46', 90, 9),
(135, 'vérification d\'un nombreEOLEOL', '2021-10-04 15:43:52', 91, 5),
(136, 'RU-1 - Mise en place des boutons triche', '2021-10-04 16:13:54', 90, 9),
(137, 'Essaie de trouver comment faire afficher une erreur catch a EOLEOLl\'utilisateur a pertir du ViewModel', '2021-10-04 16:26:11', 92, 5),
(138, 'Fait l\'ajout des fonds', '2021-10-04 17:28:51', 93, 5),
(139, 'Ajout de commentaire', '2021-10-04 17:40:23', 93, 5),
(140, 'RU-1 - Mise à jour de l\'interface avec les traitement des erEOLEOLreurs', '2021-10-04 18:15:05', 94, 9),
(141, 'RU-1 - Gestion des erreurs', '2021-10-04 18:45:12', 94, 9),
(142, 'RU-1 - Gestion de l\'affichage des erreurs de validation', '2021-10-04 19:20:28', 94, 9),
(143, 'je fait la page d\'ajout de locataires', '2021-10-04 19:31:23', 96, 6),
(144, 'Je commence le développement de la connexion du locataire', '2021-10-04 19:42:41', 97, 8),
(145, 'je continue la page ajout locataire', '2021-10-04 19:59:26', 96, 6),
(146, 'J\'ai réglé la l\'utilisation du contenu avec les UserControl', '2021-10-04 22:48:57', 97, 8),
(147, 'J\'ai créé la page de création de compte pour le locataire', '2021-10-04 22:49:24', 97, 8),
(148, 'J\'ai restructurer le code avec la structure MVVM', '2021-10-04 22:50:04', 97, 8),
(149, 'On s\'y remet, essai de connexion avec la BD aujourd\'hui', '2021-10-05 09:12:29', 98, 4),
(150, 'Pris un moment pour faire un premier merge fonctionnel', '2021-10-05 09:42:32', 98, 4),
(151, 'Faire un peu de recherche pour la suite  en attendant que JoEOLEOLrdan merge sa branche que je puisse partir une nouvelle brancEOLEOLhe plus complète', '2021-10-05 09:46:54', 100, 4),
(152, 'merge des branches', '2021-10-05 10:38:57', 99, 5),
(153, 'Les merges sont faits', '2021-10-05 10:40:00', 100, 4),
(154, 'Se lancer sur une nouvelle branche pour finir RU10', '2021-10-05 10:41:26', 101, 4),
(155, 'Merge des premières partie', '2021-10-05 10:45:31', 102, 9),
(156, 'Rendu une grosse discution avec l\'équipe pour donner un coupEOLEOL de main à Louis-Philippe', '2021-10-05 11:11:26', 101, 4),
(157, 'Merge des premières parties (suite)', '2021-10-05 11:15:27', 102, 9),
(158, 'Aide d\'un collègue', '2021-10-05 11:32:05', 102, 9),
(159, 'régler problememe avec un textBox', '2021-10-05 11:43:58', 99, 5),
(160, 'entrain aider Francois', '2021-10-05 11:44:21', 99, 5),
(161, 'Bon, la connexion à la BD marche enfin', '2021-10-05 11:50:47', 101, 4),
(162, 'Pause diner', '2021-10-05 12:04:13', 101, 4),
(163, 'Retour du diner', '2021-10-05 12:45:27', 105, 4),
(164, 'Essai de regler un problème de la liste des élèves', '2021-10-05 12:46:29', 104, 3),
(165, 'Ajout des groupes existant dans un comboBox', '2021-10-05 13:22:22', 106, 3),
(166, 'On va essayer de rendre des styles du datagrid conditionnelsEOLEOL à la valeur de la cellule', '2021-10-05 13:37:36', 108, 4),
(167, 'Wow j\'ai vraiment de la misère à faire fonctionner le converEOLEOLter!', '2021-10-05 14:28:37', 108, 4),
(168, 'Le programme ne plante plus en essayant d\'appliquer les convEOLEOLerters, mais les cellules à remplir restent vides...', '2021-10-05 14:29:58', 108, 4),
(169, 'Enfin les couleurs sont fonctionnelles, j\'avais essayé de faEOLEOLire un ajustement dans les stringformat des collones et ça a EOLEOLtout déréglé...', '2021-10-05 14:44:32', 108, 4),
(170, 'Essai d ajouter un groupe dans la BD à partir de l\'app', '2021-10-05 14:54:14', 109, 3),
(171, 'Probleme avec le bouton pour ajouter un groupe', '2021-10-05 15:58:37', 110, 3),
(172, 'Probleme avec le popup', '2021-10-05 16:32:20', 110, 3),
(173, 'Nathan m\'a aider avec mon probleme', '2021-10-05 17:34:58', 110, 3),
(174, 'Création de la structure des réunions', '2021-10-05 18:20:13', 112, 7),
(175, 'gossage dans github', '2021-10-05 18:25:03', 111, 6),
(176, 'je continue la rechercheEOLEOL', '2021-10-05 19:01:52', 111, 6),
(177, 'j\'ai oublier mon commentaire mais je régle un problème de bdEOLEOL, car wpf ne reconnais pas add migration', '2021-10-05 19:42:26', 113, 6),
(178, 'je suis encore blocker je sais pas quoi faire', '2021-10-05 20:05:01', 113, 6),
(179, 'RU-5 - Création d\'un nouvelle branche pour le dévelopement dEOLEOLe la gestion de l\'admin', '2021-10-06 11:56:34', 114, 9),
(180, 'RU-5 - Création de l\'interface de gestion des comptes', '2021-10-06 12:00:32', 114, 9),
(181, 'Etape de transfers des étudiants vers leurs groupes', '2021-10-06 12:28:31', 115, 3),
(182, 'RU-5 - Creation de l\'interface (suite)', '2021-10-06 12:30:24', 114, 9),
(183, 'Problèmes de connexion avec Discorde', '2021-10-06 12:44:31', 116, 4),
(184, 'Début réunion', '2021-10-06 12:48:30', 118, 9),
(185, 'Fin réunion 2', '2021-10-06 13:03:33', 118, 9),
(186, 'RU-5 - Finition de l\'interface', '2021-10-06 13:05:27', 123, 9),
(187, 'Je ne comprends pas pourquoi ma liste ne mets pas à jour la EOLEOLBD...', '2021-10-06 13:17:34', 122, 4),
(188, 'J\'avais oublié OutilEF.CapCtx.Crypto.Add(c)...', '2021-10-06 13:32:06', 122, 4),
(189, 'Bon, essayer de refactoriser pour changer la liste en dict, EOLEOLje crois que ça va faciliter la gestion des objets cryptos à EOLEOLterme', '2021-10-06 13:32:56', 122, 4),
(190, 'RU-5 - Finition de l\'interface (Ajout de l\'identifiant de paEOLEOLge)', '2021-10-06 13:35:37', 123, 9),
(191, 'Validation d\'un ajout d\'un groupe', '2021-10-06 13:36:50', 124, 3),
(192, 'Je lis de la documentation', '2021-10-06 13:38:41', 124, 3),
(193, 'RU-5 - Ajout des données au datagrids', '2021-10-06 13:44:10', 123, 9),
(194, 'Il n\'y a pas de dictionnaire observable par défaut dans C', '2021-10-06 14:09:46', 122, 4),
(195, 'Juste réalisé que la dernière séance de travail était sous lEOLEOLe mauvais RU, ça aurait du être sous le ru-10, pas RU-1', '2021-10-06 14:21:09', 126, 4),
(196, 'J\'essai de trouver comment lier des élèves à un groupe !', '2021-10-06 14:21:14', 127, 3),
(197, 'Je crée des styles pour les titre pour faciliter la cohérencEOLEOLe entre les pages.', '2021-10-06 18:21:20', 128, 8),
(198, 'J\'ai créé un dossier de Style avec le fichier à l\'intérieur EOLEOLet j\'ai fait par à mes collègues de son existance.', '2021-10-06 18:57:41', 128, 8),
(199, 'je code la partie du datagride des locataires', '2021-10-06 19:51:26', 130, 6),
(200, 'RU-2 - Modification du login pour prendre en compte l\'état dEOLEOLu compte qu\'on tente de connecter', '2021-10-06 20:46:38', 133, 9),
(201, 'J\'ai fait la navigation entre la page de connexion et la pagEOLEOLe d\'inscription.J\'ai créé des styles pour les boutons.', '2021-10-06 20:50:34', 132, 8),
(202, 'Je me suis fait une liste de TODO afin de connaitre les étapEOLEOLes à suivre pour la création de compte.', '2021-10-06 21:12:34', 132, 8),
(203, 'RU-5 - Création de la page de détail des utilisateurs pour aEOLEOLdmin.', '2021-10-07 09:54:55', 134, 9),
(204, 'RU-5 - Création de l\'interface des détails des utilisateurs EOLEOLpour l\'admin', '2021-10-07 10:30:14', 134, 9),
(205, 'Je travail sur la connexion a la bd pour la connexion en tanEOLEOLt qu\'élève ou professeur', '2021-10-07 10:43:10', 135, 1),
(206, 'RU-5 - Branchement des informations avec l\'utilisateur conneEOLEOLcté.', '2021-10-07 11:07:51', 134, 9),
(207, 'Je travaial maintenant sur la page d\'accueil pour les profesEOLEOLseurs', '2021-10-07 11:16:11', 135, 1),
(208, 'petite pause pour manger', '2021-10-07 11:53:09', 135, 1),
(209, 'On se lance sur le RU-11', '2021-10-07 12:07:22', 136, 4),
(210, 'Travaille encore sur la page d\'accueil des professeurs', '2021-10-07 12:18:04', 135, 1),
(211, 'Étrange, la ligne de connexion avec la BD ne semble pas acceEOLEOLpter .Include() pour lier deux tables...', '2021-10-07 12:40:41', 136, 4),
(212, 'je commence a travailler sur la création de compte', '2021-10-07 12:54:07', 135, 1),
(213, 'Recherche event pour datagrid', '2021-10-07 13:13:34', 137, 5),
(214, 'je vais m\'arrêter pour le moment je dois aller faire l\'épiceEOLEOLrie', '2021-10-07 13:22:11', 135, 1),
(215, 'Merci Alain pour avoir aidé avec la problématique du IncludeEOLEOL()', '2021-10-07 13:22:35', 136, 4),
(216, 'RU-5 - Mise à jour du bouton d\'activation des comptes pour rEOLEOLeflêter l\'action a éffectuer', '2021-10-07 13:31:33', 139, 9),
(217, 'Je regarde pour ouvrir un userControl dans un UserControl utEOLEOLilisant le MVVM', '2021-10-07 14:03:22', 138, 5),
(218, 'RU-5 - Mise en place du double click sur les ligne des datagEOLEOLrid pour accèder au donné', '2021-10-07 14:05:11', 139, 9),
(219, 'Je suis bloqué pour les userControl', '2021-10-07 14:16:23', 138, 5),
(220, 'Bon, le portefeuille fonctionne de base, pour l\'instant c\'esEOLEOLt une liste identique au marché mais limité aux cryptos d\'un EOLEOLutilisateur', '2021-10-07 14:19:40', 136, 4),
(221, 'Discution sur la navigation', '2021-10-07 14:40:45', 141, 4),
(222, 'RU-5 - Implémentation de la navigation entre la liste des usEOLEOLers et leur détails.', '2021-10-07 14:42:34', 139, 9),
(223, 'Réunion avec prof', '2021-10-07 14:50:50', 142, 4),
(224, 'je travail sur l\'ajout d\'une maison', '2021-10-07 15:06:55', 143, 6),
(225, 'RU-5 - Implémentation de la navigation (suite)', '2021-10-07 15:14:29', 139, 9),
(226, 'J\'essaie encore d\'appeler un userControl dans un userControl', '2021-10-07 15:14:38', 138, 5),
(227, 'Retour au travail, mon ordi du D134 s\'était mis en veille duEOLEOLrant ma rencontre avec Alain alors j\'ai du le rebooter...', '2021-10-07 15:25:56', 145, 4),
(228, 'Rencontre et négociation avec le client', '2021-10-07 15:26:46', 146, 7),
(229, 'J\'ai fait un workAround', '2021-10-07 15:34:51', 138, 5),
(230, 'j\'essaye d\'afficher les propriétés', '2021-10-07 15:48:19', 143, 6),
(231, 'Je travaille sur le XAML duDetailMonnaie', '2021-10-07 15:49:10', 138, 5),
(232, 'RU-5 - Implémentation de l\'Interface (suite)', '2021-10-07 15:52:37', 139, 9),
(233, 'Essaie encore de lier les élèves à un groupe', '2021-10-07 15:54:40', 147, 3),
(234, 'Réunions, prise de notes dans le fichier de réunions', '2021-10-07 16:03:20', 149, 7),
(235, 'on fait la réunion', '2021-10-07 16:05:40', 150, 6),
(236, 'Dans mon VueModele faire des propriétés', '2021-10-07 16:10:11', 138, 5),
(237, 'J\'ai créé des style pour les TextBox.EOLEOLNous avons démarré la réunion d\'équipe.', '2021-10-07 16:14:16', 144, 8),
(238, 'Nous sommes en réunion', '2021-10-07 16:15:02', 151, 8),
(239, 'j\'ai réussi a fair un peut la structure de la page propriéteEOLEOLs', '2021-10-07 16:16:07', 150, 6),
(240, 'J\'ai une propriété calculée qui semble pas être pas mise à jEOLEOLour lorsque les valeurs dont elle dépends sont modifiées', '2021-10-07 16:24:57', 145, 4),
(241, 'Ajout d\'un comboBox pour le nom du cours', '2021-10-07 16:28:31', 147, 3),
(242, 'Encore entrain de faire des propriété', '2021-10-07 16:30:58', 138, 5),
(243, 'Suite', '2021-10-07 16:34:39', 149, 7),
(244, 'reunion fini', '2021-10-07 16:47:20', 150, 6),
(245, 'La réunion est terminé. Nous avons clarifié des règles de noEOLEOLmenclature et d\'écriture de code.', '2021-10-07 16:48:20', 151, 8),
(246, 'connexion bdEOLEOL', '2021-10-07 16:49:29', 154, 6),
(247, 'Bon, réglé le problème par la bande, ça semble bien fonctionEOLEOLner.', '2021-10-07 16:51:27', 145, 4),
(248, 'On va arrêter ici, on s\'y remet demain à frais de la maison', '2021-10-07 16:52:11', 145, 4),
(249, 'Problème avec wamp, 1 service ne démarre pas', '2021-10-07 17:00:53', 152, 7),
(250, 'insertion de donnée dans la bdEOLEOL', '2021-10-07 17:02:09', 154, 6),
(251, 'Problème avec le service mysql', '2021-10-07 17:05:36', 152, 7),
(252, 'Rencontre avec Alain', '2021-10-07 17:14:04', 147, 3),
(253, 'Utilisation de mariadb pour l\'instant. Je commence d\'essayerEOLEOL de faire la création d\'un propriétaire.', '2021-10-07 17:21:19', 157, 7),
(254, 'Je procède à l\'écriture du code de création de compte en bd.', '2021-10-07 17:39:41', 155, 8),
(255, 'J\'ai fais quelques adaptation de style dans la fenêtre de crEOLEOLéation', '2021-10-07 17:39:51', 157, 7),
(256, 'Création de l\'interface', '2021-10-07 17:52:40', 159, 7),
(257, 'je connecte le datagride avec la bd', '2021-10-07 18:06:18', 158, 6),
(258, 'Suite de la création de l\'interface des résumés', '2021-10-07 18:20:15', 159, 7),
(259, 'Je dois retrouvé un enregistrement sans l\'id. Je vais recherEOLEOLcher comment je peux le faire.', '2021-10-07 18:29:20', 155, 8),
(260, 'j\'essaye d\'afficher dans le datagrid l\'information de la db', '2021-10-07 18:38:40', 158, 6),
(261, 'J\'apporte régulièrement mon aide à Karim ou Zalec dans leur EOLEOLpart du travail.', '2021-10-07 18:42:09', 155, 8),
(262, 'Je tente d\'aider Karim avec la récupération de tous les locaEOLEOLtaires en bd, mais malgré les exemples vus en cours, nous n\'yEOLEOL parvenons pas.', '2021-10-07 19:00:18', 155, 8),
(263, 'je suis blocké', '2021-10-07 19:04:14', 158, 6),
(264, 'Je ne parviens pas à touver comment récupérer un enregistremEOLEOLent à partir d\'un autre champ que l\'id.', '2021-10-07 19:19:21', 155, 8),
(265, 'je suis encore blocké mais je suis proche', '2021-10-07 19:20:55', 158, 6),
(266, 'Un peu de travail avant le cours de soutient. Je vais essayeEOLEOLr de simplifier les ajouts que j\'ai fait hier à UtilisateurCrEOLEOLypto pour afficher le portefeuille', '2021-10-08 07:30:00', 162, 4),
(267, 'Commencer à placer les éléments UI pour afficher l\'historiquEOLEOLe', '2021-10-08 07:48:59', 163, 4),
(268, 'Début réunion 3', '2021-10-08 10:40:08', 164, 9),
(269, 'Réunion scrum', '2021-10-08 10:41:38', 166, 4),
(270, 'Merger mes fichier avecceuxde Nathan', '2021-10-08 10:43:38', 167, 3),
(271, 'Réunion équipe', '2021-10-08 11:04:08', 165, 5),
(272, 'Fin de la réunion', '2021-10-08 11:04:54', 164, 9),
(273, 'RU-2 - Simplification des fonctions de connexion', '2021-10-08 11:09:12', 168, 9),
(274, 'Le merge est un succès', '2021-10-08 11:11:00', 167, 3),
(275, 'RU-5 - Mise à jour de l\'affichage pour la mise en place des EOLEOLdeux pages au lieu d\'une', '2021-10-08 11:42:20', 169, 9),
(276, 'Je me relance dans ma tentative de récupérer un enregistremeEOLEOLnt sans l\'id.', '2021-10-08 11:48:47', 170, 8),
(277, 'RU-5 - Mise en place de la version 2 de la navigation', '2021-10-08 12:22:26', 169, 9),
(278, 'Création de l\'interface de modification d\'une propriété', '2021-10-08 12:24:13', 172, 7),
(279, 'RU-5 - Mise en place de la version 2 de la navigation', '2021-10-08 12:58:43', 169, 9),
(280, 'Connexion du datagrid d\'historique des transactions avec lesEOLEOL infos de la BD', '2021-10-08 13:01:09', 173, 4),
(281, 'j\'ai fait un merge sur le mainEOLEOL', '2021-10-08 13:07:12', 175, 6),
(282, 'RU-5 - Mise en place de la page avec tous les utilisateurs', '2021-10-08 13:08:16', 169, 9),
(283, 'Réunion avec le prof', '2021-10-08 13:28:42', 176, 5),
(284, 'Je viens de réaliser que je me suis bien compliqué la vie avEOLEOLec les listes venant des tables secondaires, je ne sais pas pEOLEOLourquoi je les sortaient toutes dans de nouvelles collectionEOLEOLs!', '2021-10-08 13:38:17', 173, 4),
(285, 'rencontre avec le profEOLEOL', '2021-10-08 13:41:31', 175, 6),
(286, 'RU-5 - Ajout du checkbox pour afficher ou pas les comptes inEOLEOLactif dans la liste de tous les comptes', '2021-10-08 13:45:22', 169, 9),
(287, 'Ça marchait bien d\"utiliser la liste dans l\'objet UtilisateuEOLEOLr pour obtenir les transactions, mais il faut que je conserveEOLEOL la propriété de portefeuille pour l\'afficher...', '2021-10-08 13:46:05', 173, 4),
(288, 'Ok, les bindings de xml ont besoin d\'une property pour s\'arrEOLEOLimer et il se trouve que dans le VM pour le détail utilisateuEOLEOLr LP a créé une property pour contenir l\'utilisateur, ce quiEOLEOL n\'est pas le cas ailleurs. Mistère résolu!', '2021-10-08 13:54:25', 173, 4),
(289, 'RU-5 - Écriture des commentaires pour la section des utilisaEOLEOLteurs pour admin', '2021-10-08 14:11:08', 169, 9),
(290, 'Nous avons parler de nos difficulté', '2021-10-08 14:12:41', 177, 3),
(291, 'mis le backlog à jour', '2021-10-08 14:16:18', 177, 3),
(292, 'Mise à jour du backlog', '2021-10-08 14:21:13', 177, 3),
(293, 'amélioration du backlog en ajoutant les sous taches', '2021-10-08 14:29:07', 177, 3),
(294, 'Correction de quelque fonctionnalité dans le code après le mEOLEOLerge', '2021-10-08 14:30:25', 177, 3),
(295, 'Connecter le bouton pour revenir au login', '2021-10-08 14:31:06', 178, 4),
(296, 'Jouer à la tag sur excel', '2021-10-08 14:32:41', 177, 3),
(297, 'Souhait à chacun : bonne semaine de relache', '2021-10-08 14:35:24', 177, 3),
(298, 'RU-1 - Ajout d\'un bouton retour dans le formulaire de créatiEOLEOLon de compte.', '2021-10-08 14:42:01', 179, 9),
(299, 'je suis un peu blocké encore', '2021-10-08 14:42:59', 175, 6),
(300, 'j\'ai ça comme erreur System.NullReferenceException : \'ObjectEOLEOL reference not set to an instance of an object.\'', '2021-10-08 14:43:17', 175, 6),
(301, 'Karim et moi avons rencontré Alain pour nous aider à résoudrEOLEOLe notre problème avec l\'accès à la bd.', '2021-10-08 14:44:13', 174, 8),
(302, 'Nous avons rencontré un autre problème pour l\'accès à la bd.', '2021-10-08 14:45:04', 174, 8),
(303, 'travaille sur le binding de la crypto', '2021-10-08 15:12:45', 182, 5),
(304, 'Essaie de changer la couleur du bouton pour ajouter un groupEOLEOLe quand il n\'y a pas de cours sélectionné', '2021-10-08 15:30:08', 183, 3),
(305, 'Èncore du binding', '2021-10-08 15:35:17', 182, 5),
(306, 'DOnner un coup de main à LP', '2021-10-08 15:45:43', 184, 4),
(307, 'Alain nous a aidé à résoudre le problème avec la bd.', '2021-10-08 15:55:28', 174, 8),
(308, 'J\'ai réussi à extraire un locataire de la bd pour la créatioEOLEOLn/activation du compte utilisateur.', '2021-10-08 15:56:32', 174, 8),
(309, 'J\'ai rencontré un problème avec le binding des mot de passe.', '2021-10-08 15:57:01', 174, 8),
(310, 'J\'ai trouvé un solution pour le binding des mots de passe, mEOLEOLais je ne suis pas encore sûr de son potentiel.', '2021-10-08 15:57:42', 174, 8),
(311, 'Retour à mon bouton...', '2021-10-08 16:06:13', 186, 4),
(312, 'Suite', '2021-10-08 16:13:59', 187, 7),
(313, 'Régler problème avec les binding qui se mettent a jour automEOLEOLatiquement', '2021-10-08 16:21:15', 182, 5),
(314, 'Bon, la commande fonctionne, la fenêtre login apparait mais EOLEOLla fençetre principale reste ouverte...', '2021-10-08 16:21:20', 186, 4),
(315, 'Essai des trucs avec MVVM', '2021-10-08 16:36:39', 189, 3),
(316, 'Le problème n\'est pas réglé mais je crois avoir trouvé quelqEOLEOLues pistes intéressantes, laissé l\'url en commentaire dasn leEOLEOL code. Je vasi m\'arrêter là et me reconnecter probablement mEOLEOLardi prochain', '2021-10-08 16:42:21', 186, 4),
(317, 'Suite : j\'essai de trouver un bon \"number picker\"', '2021-10-08 16:47:54', 187, 7),
(318, 'Suite. C\'est plus complexe que je pensais', '2021-10-08 17:06:18', 187, 7),
(319, 'Changement de plan, je vais faire un Textbox pour l\'instant EOLEOLet ferai mon propre number picker après avec des icônes sur lEOLEOLe côté', '2021-10-08 17:30:07', 187, 7),
(320, 'Correction du bouton', '2021-10-08 17:58:16', 189, 3),
(321, 'Aide de Nathan !!!!', '2021-10-08 17:58:39', 189, 3),
(322, 'Écriture de commentaire pour le RU4 et RU5', '2021-10-09 14:52:49', 190, 9),
(323, 'RU-4 - Simplification des appels de données pour les listes EOLEOLd\'utilisateurs', '2021-10-09 15:21:33', 191, 9),
(324, 'RU-4 Mise en place du système qui cache la case est activé dEOLEOLu datagrid contenant tous les utilisateurs si on ne souhaite EOLEOLaffiché que ceux qui sont activé.', '2021-10-09 15:52:55', 191, 9),
(325, 'Écriture de commentaires pour les récit utilisateurs 1 et 2', '2021-10-09 16:22:38', 192, 9),
(326, 'RU-1 - Simplification du processus de création de compte (baEOLEOLckend)', '2021-10-10 15:37:39', 193, 9),
(327, 'RU-1 - SImplification du processus de création de compte', '2021-10-10 16:08:39', 193, 9),
(328, 'RU-1 - Remplacement des multiples propriétés d\'erreur pour dEOLEOLes propriétés sous forme de liste', '2021-10-10 16:38:05', 193, 9),
(329, 'Merge des ru 4 et 5 avec la branche main', '2021-10-10 17:11:29', 194, 9),
(330, 'RU-5 Tentative d\'ajout du bouton de retour pour les détails EOLEOLde l\'utilisateur', '2021-10-11 09:05:25', 195, 9),
(331, 'RU-5 - Travail sur le bouton retour', '2021-10-11 09:37:39', 195, 9),
(332, 'j\'ai pas d\'erreur, mais mes donnée en bd de locataire ne veuEOLEOLlent pas s\'afficher dans la grille.', '2021-10-11 09:41:07', 196, 6),
(333, 'RU-5 - Travail sur le bouton retour', '2021-10-11 10:10:00', 195, 9),
(334, 'j\'essaye d\'afficher les locataires', '2021-10-11 10:22:47', 196, 6),
(335, 'woooww j\'ai enfin réussi a afficher la moitié des infos des EOLEOLlocataire', '2021-10-11 10:25:49', 196, 6),
(336, 'Recherche sur les principes de navigation MVVM', '2021-10-11 10:29:54', 198, 9),
(337, 'j\'essaye d\'ajouter un locataire en bd', '2021-10-11 11:00:58', 196, 6),
(338, 'Merge des ru4 et 5 dans main', '2021-10-11 11:56:22', 201, 9),
(339, 'je suis blocké sur l\'affichage du reste de l\'info du locataiEOLEOLre', '2021-10-11 12:08:58', 202, 6),
(340, 'Création de la nouvelle branche modUser', '2021-10-11 12:12:46', 201, 9),
(341, 'RU-5 - Modification de la liste des transactions côté admin', '2021-10-11 12:16:48', 204, 9),
(342, 'RU-5 - Problème avec les détails des utilisateurs côté adminEOLEOL, La liste de transactions est null.', '2021-10-11 12:48:18', 204, 9),
(343, 'j<arrange les boutons ajouter/annuler/modifier', '2021-10-11 12:49:46', 202, 6),
(344, 'je gosse encore sur la meme tacheEOLEOL', '2021-10-11 13:19:17', 202, 6),
(345, 'j\'ai réussi a afficher les proprietes qui sont dans la bd', '2021-10-11 13:46:33', 206, 6),
(346, 'j\'est presque fini l\'affichage les maison', '2021-10-11 14:09:21', 206, 6),
(347, 'je vais essayer encore d\'afficher le restant de l\'informatioEOLEOLn du locataire', '2021-10-11 14:25:33', 207, 6),
(348, 'je suis blocké', '2021-10-11 18:00:46', 208, 6),
(349, 'j\'arrive pas a afficher le reste de l\'info du locataire', '2021-10-11 18:01:13', 208, 6),
(350, 'RU-3 - Création et branchage de l\'interface de modification EOLEOLdes info client', '2021-10-12 09:12:13', 209, 9),
(351, 'Tentative de l\'implémentation de IClosable avec RelayCommand', '2021-10-12 09:52:30', 209, 9),
(352, 'Problème avec ma base de données, je ne réussi pas à faire uEOLEOLne migration', '2021-10-12 11:50:59', 210, 7),
(353, 'Demande d\'aide d\'Alain', '2021-10-12 12:13:36', 210, 7),
(354, 'Résolution du problème: redémarrage et alternance de port puEOLEOLis ça a miraculeusement marché sur le 3306', '2021-10-12 12:29:31', 210, 7),
(355, 'Implémentation toggle button pour type de transactions', '2021-10-12 13:45:21', 211, 5),
(356, 'Encore implémentation boutton toggle', '2021-10-12 14:11:35', 211, 5),
(357, 'Finis l\'implémentation des boutons', '2021-10-12 15:06:20', 211, 5),
(358, 'Je suis rendu a faire les transactions selon le type', '2021-10-12 15:07:30', 211, 5),
(359, 'Essai de faire l\'insertion en bd d\'un propriétaire', '2021-10-12 15:54:03', 212, 7),
(360, 'Suite', '2021-10-12 16:34:27', 212, 7),
(361, 'Je prépare des UserControl pour des pages commune adaptativeEOLEOL pour les utilisateurs.', '2021-10-12 16:47:05', 213, 8),
(362, 'Suite', '2021-10-12 17:00:05', 212, 7),
(363, 'Je vais tenter le développement du menu adaptatif pour les uEOLEOLtilisateurs', '2021-10-12 17:07:44', 213, 8),
(364, 'Suite', '2021-10-12 17:31:14', 212, 7),
(365, 'Je développe le menu adaptatif. J\'ai une bonne idée le la loEOLEOLgique que je vais utiliser pour le fonctionnement.', '2021-10-12 17:38:33', 213, 8),
(366, 'Suite', '2021-10-12 18:04:06', 212, 7),
(367, 'Je développe encore le menu adaptatif. J\'ai décidé que les oEOLEOLptions du menu seraient contenu dans la classe User.', '2021-10-12 18:06:07', 213, 8),
(368, 'Nous commençons une réunion.', '2021-10-12 18:24:34', 216, 8),
(369, 'Réunions', '2021-10-12 18:52:28', 215, 7),
(370, 'Je tente d\'aider Karim avec ce qui le bloque.', '2021-10-12 19:04:41', 216, 8),
(371, 'Discussion et résolution de problèmes de chacun', '2021-10-12 19:46:45', 219, 7),
(372, 'on a résolu un problème dans la réunion', '2021-10-12 19:47:19', 218, 6),
(373, 'Nous avons trouvé comment accéder à l\'adresse à partir d\'un EOLEOLlocataire.', '2021-10-12 19:48:10', 216, 8),
(374, 'Nous cherchons à obtenir la prochaine date de paiement pour EOLEOLun locataire.', '2021-10-12 19:48:57', 216, 8),
(375, 'on régle des chose dans la bd', '2021-10-12 20:05:28', 218, 6),
(376, 'Suite', '2021-10-12 20:08:58', 219, 7),
(377, 'Nous avons réglé l\'affichage de la date du prochain paiementEOLEOL.', '2021-10-12 20:16:47', 216, 8),
(378, 'J\'ai aidé Zalec avec le binding des Textbox de la création dEOLEOLu Propriétaire.', '2021-10-12 20:17:43', 216, 8),
(379, 'Réunion terminé', '2021-10-12 20:22:00', 219, 7),
(380, 'Réunion terminée.', '2021-10-12 20:22:01', 216, 8),
(381, 'l\'affichage des locataire marche', '2021-10-12 20:23:18', 218, 6),
(382, 'Suite création d\'un propriétaire', '2021-10-12 20:49:09', 220, 7),
(383, 'L\'adresse du propriétaire sera une string servant simplementEOLEOL a être visualisé par les locataires pour l\'envoie de lettre EOLEOLpar exemple', '2021-10-12 20:49:43', 220, 7),
(384, 'Modification du modèle du propriétaire et du gestionnaire poEOLEOLur l\'adresse personnel', '2021-10-12 20:50:07', 220, 7),
(385, 'Erreur lors de l\'entré d\'une valeur', '2021-10-12 20:53:03', 220, 7),
(386, 'Conflit git, je vais laisser mon collègue résoudre son problEOLEOLème et push le code fonctionnelle avant de continuer. À demaiEOLEOLn!', '2021-10-12 21:07:24', 220, 7),
(387, 'tous est merger', '2021-10-12 21:19:12', 221, 6),
(388, 'Recherche sur RelayCommand<T>', '2021-10-13 09:35:22', 222, 9),
(389, 'RU-3 - Implémentation de la mise à jour des informations de EOLEOLcompte', '2021-10-13 09:55:52', 223, 9),
(390, 'RU-3 Création de la fenêtre de modification de mot de passe', '2021-10-13 10:30:30', 223, 9),
(391, 'RU-3 - Création du viewModel de la fenêtre de dialogue de moEOLEOLt de passe', '2021-10-13 11:05:41', 223, 9),
(392, 'RU-3 - Revoir l\'accès à l\'utilisateur connecté. (Utilisé un EOLEOLuser statique au lieu d\'un passé en paramètre)', '2021-10-13 11:39:32', 223, 9),
(393, 'Réunion de la semaine de relâche', '2021-10-13 13:05:15', 225, 4),
(394, 'Début réunion 4', '2021-10-13 13:05:24', 226, 9),
(395, 'Montrer le materialDesign a mes collègues', '2021-10-13 13:26:54', 224, 5),
(396, 'Essai d\'avoir les bons groupes dans le comboBox selon le couEOLEOLrs sélectionné', '2021-10-13 14:30:56', 227, 3),
(397, 'Je regarde comment faire le binding selon une certaine sélecEOLEOLtion', '2021-10-13 14:58:41', 227, 3),
(398, 'Réussi à afficher les groupe d\'un cours dans le comboBox !', '2021-10-13 15:24:40', 227, 3),
(399, 'Essai d\'afficher les élèves selon le cours et le groupe séleEOLEOLctionné.', '2021-10-13 15:35:15', 227, 3),
(400, 'Probleme au niveau de la liaison groupe eleve dans la bd', '2021-10-13 16:10:43', 227, 3),
(401, 'Je suis bloque pour afficher des etudiants', '2021-10-13 17:04:28', 229, 3),
(402, 'je fait la partie des documents', '2021-10-13 18:46:34', 231, 6),
(403, 'je continue la partie documents', '2021-10-13 19:30:00', 231, 6),
(404, 'Probleme resolu !!', '2021-10-13 21:03:57', 232, 3),
(405, 'j\'essaye d\'afficher le nombre de locataire', '2021-10-14 10:35:37', 234, 6),
(406, 'j\'ai des problèmes a régler dans cette tacheEOLEOL', '2021-10-14 11:38:58', 235, 6),
(407, 'je suis blocker', '2021-10-14 11:53:40', 235, 6),
(408, 'j\'ai réussi a afficher le nombre de locataire dans une addreEOLEOLss mais la faut j\'affiche le nombre total d\'appartement', '2021-10-14 11:59:26', 235, 6),
(409, 'je fait encore la partie locataire', '2021-10-14 13:18:05', 236, 6),
(410, 'il manque a afficher le nombre total d\'appartement dans chaqEOLEOLue address', '2021-10-14 13:41:43', 237, 6),
(411, 'je veut afficher les address dans un combobox qui est dans uEOLEOLn datagrid', '2021-10-14 14:01:34', 238, 6),
(412, 'Quelques changement de logiques, mais globalement, ça fonctiEOLEOLonne.', '2021-10-14 14:30:55', 239, 7),
(413, 'j\'ai sa comme erreur La liaison bidirectionnelle nécessite PEOLEOLath ou XPath', '2021-10-14 14:39:56', 240, 6),
(414, 'Le password est null... Pourtant pour l\'instant il est en stEOLEOLring', '2021-10-14 14:46:34', 239, 7),
(415, 'le bouton sauvegarder marche quand on modifie les donner', '2021-10-14 14:58:08', 240, 6),
(416, 'Un problème avec le binding', '2021-10-14 15:17:49', 239, 7),
(417, 'Il n\'y a aucune différence entre le nom et le mot de passe eEOLEOLn terme de structure pour l\'instant. À pars que la confirmatiEOLEOLon ne sert à rien pour l\'instant. J\'essai de trouver où est EOLEOLle problème.', '2021-10-14 16:01:27', 241, 7),
(418, 'Je ne comprend toujours pas', '2021-10-14 16:18:04', 241, 7),
(419, 'Quelques arrangements et suite du diagnostique', '2021-10-14 16:38:32', 241, 7),
(420, 'Essai d\'ajouter un élève par l\'application', '2021-10-14 19:54:25', 243, 3),
(421, 'On peut selectionner un ou plusieurs élèves', '2021-10-14 19:57:37', 243, 3),
(422, 'Ajoute quelque commentaire', '2021-10-14 20:03:19', 243, 3),
(423, 'Utilisation du Icommand pour ajouter un eleve a un groupe', '2021-10-14 20:54:23', 244, 3),
(424, 'Test avec le point d arret', '2021-10-14 20:59:57', 244, 3),
(425, 'Recherche comment faire une multi selection avec ICommand', '2021-10-14 21:06:36', 244, 3),
(426, 'Ca ne fonctionne pas !!!', '2021-10-14 21:21:57', 244, 3),
(427, 'Début du travail sur la création de compte', '2021-10-15 08:29:29', 245, 1),
(428, 'Validation des donnés des textbox', '2021-10-15 08:54:28', 245, 1),
(429, 'RU-3 - Règlage de la fenêtre de changement de mot de passe (EOLEOLCrash en ce moment)', '2021-10-15 09:20:48', 246, 9),
(430, 'Cleanup un peu le code   continuer la validation', '2021-10-15 09:25:52', 245, 1),
(431, 'Je continue encore la validation des donnés et je commence lEOLEOL\'enregistrement', '2021-10-15 09:53:19', 245, 1),
(432, 'Je lis de la documentation', '2021-10-15 09:56:58', 250, 3),
(433, 'Je crois avoir trouver comment ajouter un eleve', '2021-10-15 09:59:38', 250, 3),
(434, 'C\'est plus compliquer car cest des liaison many to many', '2021-10-15 10:00:30', 250, 3),
(435, 'Chaque eleve dois etre ajouter a une table qui fait le lien EOLEOLavec le/les groupes', '2021-10-15 10:01:31', 250, 3),
(436, 'Une bonne tasse de café s\'impose', '2021-10-15 10:03:45', 250, 3),
(437, 'Ajout d\'un eleve est un succes', '2021-10-15 10:11:51', 250, 3),
(438, 'Je vais maintenant essayer d<enlever un eleve d\'un groupe', '2021-10-15 10:12:16', 250, 3),
(439, 'Utilisation du ICommand pour retirer les eleves du groupe', '2021-10-15 10:20:27', 250, 3),
(440, 'Enregistrement des donnés dans la BD', '2021-10-15 10:20:54', 245, 1),
(441, 'Regarde les exemple pour voir comment faire', '2021-10-15 10:21:38', 250, 3),
(442, 'Je vien de voir que je ne suis pas sur la bonne tache dans jEOLEOLour vie .. oups !', '2021-10-15 10:22:12', 250, 3),
(443, 'Je suis maintenant dans la bonne tache !', '2021-10-15 10:22:34', 252, 3),
(444, 'dans la section document il me reste la fonction ajouter docEOLEOLument et afficher les document dans un datagrid', '2021-10-15 10:23:43', 251, 6),
(445, 'Pour enlever un eleve d\'un groupe je dois seulement supprimeEOLEOLr la lisaison qui les lis', '2021-10-15 10:29:26', 252, 3),
(446, 'Les trucs que j\'essai ne fonctionne pas', '2021-10-15 10:38:23', 252, 3),
(447, 'Je dois faire une liste de tout les groupeEleve,,, je crois', '2021-10-15 10:43:25', 252, 3),
(448, 'je refait la structurer de la page document', '2021-10-15 10:45:41', 251, 6),
(449, 'J\'ai effacé du code qu\'il ne fallais pas que j\'efface ....', '2021-10-15 10:51:30', 252, 3),
(450, 'Nous parlons de nos difficulté', '2021-10-15 11:06:33', 253, 3),
(451, 'Update les RU', '2021-10-15 11:13:45', 253, 3),
(452, 'je continue la partie documents', '2021-10-15 11:22:47', 255, 6),
(453, 'Nous mergons', '2021-10-15 11:23:24', 253, 3),
(454, 'On merge tout nos branches ensemble', '2021-10-15 11:23:58', 254, 1),
(455, 'Petit problème pour merge', '2021-10-15 11:31:49', 253, 3),
(456, 'Le merge à réussi', '2021-10-15 11:43:22', 253, 3),
(457, 'Nous avons rebaser nos branche sur master pour avoir tout leEOLEOL code', '2021-10-15 11:44:25', 253, 3),
(458, 'Début de la réunion', '2021-10-15 12:11:44', 257, 8),
(459, 'Début de la réunion', '2021-10-15 12:12:03', 259, 7),
(460, 'on fait la réunion', '2021-10-15 12:13:44', 258, 6),
(461, 'Cleanup du code', '2021-10-15 12:22:36', 256, 1),
(462, 'Fin de la réunion', '2021-10-15 12:27:34', 257, 8),
(463, 'Je continue a adapter le code pour fonctionner avec le resteEOLEOL du programme', '2021-10-15 13:02:13', 260, 1),
(464, 'RU-3 - Vérification et test pour le merge dans le main', '2021-10-15 13:03:36', 261, 9),
(465, 'je dois rechercher sur internet pour certain problèmes avec EOLEOLla migration de mon code', '2021-10-15 13:16:33', 260, 1),
(466, 'Correction de quelque bug', '2021-10-15 13:39:31', 263, 3),
(467, 'la migration prend plus de temps que je pensais', '2021-10-15 13:44:00', 260, 1),
(468, 'Probleme d entity tracked', '2021-10-15 13:46:29', 263, 3),
(469, 'hhmmm je ne trouve toujours pas c <est quoi le probleme', '2021-10-15 14:06:35', 263, 3),
(470, 'Finis de migrer le login maintenant la création de compte', '2021-10-15 14:08:11', 260, 1),
(471, 'commence  a douter', '2021-10-15 14:25:57', 263, 3),
(472, 'impossible de supprimer un élève d\'un groupe', '2021-10-15 14:52:58', 263, 3),
(473, 'Presque finis la migration', '2021-10-15 14:53:50', 260, 1),
(474, 'Finalement finis l\'intégration de mon code au programme', '2021-10-15 15:06:09', 260, 1),
(475, 'Je vais réessayer de résoudre le problème d\'enregistrement dEOLEOLu mot de passe', '2021-10-15 16:48:56', 264, 7),
(476, 'C\'était une erreur d\'inattention. La valeur réassigné n\'étaiEOLEOLt pas la bonne. ÇA FONCTIONNE.', '2021-10-15 16:55:15', 264, 7),
(477, 'Recherche sur la validation d\'une connexion', '2021-10-15 17:15:45', 265, 7),
(478, 'Suite', '2021-10-15 18:58:43', 266, 7),
(479, 'Suite', '2021-10-15 19:47:48', 266, 7),
(480, 'Suite', '2021-10-15 19:47:53', 266, 7),
(481, 'La structure est là, mais le bouton de connexion ne fonctionEOLEOLne juste pas. Même pour afficher un message tout simple.', '2021-10-15 19:48:36', 266, 7),
(482, 'J\'avais oublié d\'ajouté le DataContext', '2021-10-15 20:04:07', 266, 7),
(483, 'Le login marche sans validation du mot de passe, je cherche EOLEOLcomment changer de contexte d\'affichage', '2021-10-16 14:29:54', 267, 7),
(484, 'Je vais discuter de la logique des contextes avec mes coéquiEOLEOLpiers, je vais me concentrer sur des pages spécifiques.', '2021-10-16 14:53:49', 267, 7),
(485, 'Beaucoup de chose dépende de beaucoup de chose, c\'est vraimeEOLEOLnt difficile à gérer', '2021-10-16 15:03:22', 267, 7),
(486, 'Discussion et compréhension', '2021-10-16 15:13:49', 268, 7),
(487, 'le bouton ajouter document ouvre la fenetre explorer', '2021-10-16 15:28:35', 269, 6),
(488, 'je fait encore la partie des bouton le bouton ajouter ne marEOLEOLche pas', '2021-10-16 16:20:12', 271, 6),
(489, 'le bouton annuler marche a moitier', '2021-10-16 16:20:23', 271, 6),
(490, 'me manque juste a afficher le nombre totale d\'appartement daEOLEOLns chaque adresse', '2021-10-16 17:57:17', 273, 6),
(491, 'finalement afficher le nombre totale d\'appartement marche', '2021-10-16 18:23:03', 274, 6),
(492, 'mais pas le nombre d\'occuppant', '2021-10-16 18:23:16', 274, 6),
(493, 'j\'arrive pas a afficher le nombre d\'occupant', '2021-10-16 18:59:42', 275, 6),
(494, 'Affichage du détail d\'un utilisateur', '2021-10-17 13:07:42', 276, 4),
(495, 'Surprenament rapide, maintenant on retourne à mon bon ami leEOLEOL bouton quitter', '2021-10-17 13:21:25', 276, 4),
(496, 'Comprendre mieux MVVM, spécifiquement ouverture et fermetureEOLEOL de fenêtres à partir du VM', '2021-10-17 14:05:22', 277, 4),
(497, 'https://channel9.msdn.com/Events/MIX/MIX11/OPN03', '2021-10-17 14:05:41', 277, 4),
(498, 'Bouton time!', '2021-10-18 12:15:36', 278, 4),
(499, 'J\'ai fini par laisser tomber de suivre une approche purementEOLEOL MVVM pour le bouton quitter. Au final, cette opération n\'intEOLEOLerragit pas avec les données de l\'app alors je ne crois pas EOLEOLque ça ait besoin de passer par le VM, j\'ai donc simplement EOLEOLlié le bouton à un event Click qui renvoit à une méthode de EOLEOLla Vue pour ouvrir la fenêtre de login (qui efface l\'utilisaEOLEOLteur connecté dans son constructeur) puis fermer la fençetreEOLEOL active.', '2021-10-18 12:25:18', 278, 4),
(500, 'Refactoriser le code pour utiliser l\'utilisateur global placEOLEOLé dans la TrousseGlobale plutôt qu\'un utilisateru passé en paEOLEOLramètre', '2021-10-18 12:43:14', 279, 4),
(501, 'Tombé sur un bug, la fenêtre de login ne se ferme plus aprèsEOLEOL l\'utilisation du bouton Quitter, il a falu modifier le code EOLEOLde la fenêtre de connexion pour mieux sélectionner la fenêtrEOLEOLe à fermer', '2021-10-18 13:39:37', 279, 4),
(502, 'Entrain de faire les fonction pour ajouter une transaction', '2021-10-18 15:04:34', 280, 5),
(503, 'Validation pour les bouton et les propriété associés', '2021-10-18 15:38:27', 280, 5),
(504, 'Problème avec l\'ajout d\'une transaction', '2021-10-18 16:26:08', 281, 5),
(505, 'Suppression réussi', '2021-10-18 16:39:35', 283, 3),
(506, 'Mise à jour dans le backlog', '2021-10-18 16:42:43', 283, 3),
(507, 'Résolu le problème', '2021-10-18 16:45:10', 281, 5),
(508, 'ont aide zalec avec un probleme', '2021-10-18 16:47:51', 289, 6),
(509, 'Nous tentons de régler la problématique de Zalec.', '2021-10-18 16:48:09', 290, 8),
(510, 'Début de la réunion', '2021-10-18 16:52:09', 286, 7),
(511, 'Tente d\'ajouter par la multiSelection', '2021-10-18 16:54:09', 283, 3),
(512, 'Je lis de la documentation pour la binder plusieurs élèves', '2021-10-18 16:57:35', 283, 3),
(513, 'Je suis presentement a essayer quelques exemples', '2021-10-18 17:05:32', 283, 3),
(514, 'Suite', '2021-10-18 17:07:52', 286, 7),
(515, 'Nous avons réglé la problématique de Zalec.', '2021-10-18 17:09:56', 290, 8),
(516, 'Nous tentons de régler la problématique de Karim.', '2021-10-18 17:26:05', 290, 8);
INSERT INTO `commentaires` (`Id`, `Contenu`, `Horodateur`, `Session_Id`, `Developpeur_Id`) VALUES
(517, 'Suite', '2021-10-18 17:27:07', 286, 7),
(518, 'c<est plus difficile que je le pensais', '2021-10-18 17:31:34', 283, 3),
(519, 'Je regarde encore des exemples', '2021-10-18 17:35:57', 283, 3),
(520, 'Je n\'ai pas réussi à trouver une solution au problème de KarEOLEOLim.', '2021-10-18 17:41:26', 290, 8),
(521, 'fini', '2021-10-18 17:43:42', 289, 6),
(522, 'Je poursuis le développement du menu adaptatif.', '2021-10-18 17:44:29', 292, 8),
(523, 'Fin de la réunion', '2021-10-18 17:44:35', 286, 7),
(524, 'Ça marchais, ça marche plus!', '2021-10-18 17:52:04', 293, 7),
(525, 'Ça marche, c\'était un petit problème avec la base de donnéesEOLEOL.', '2021-10-18 18:00:18', 293, 7),
(526, 'j\'arrange la bd', '2021-10-18 18:00:22', 294, 6),
(527, 'Finalement mon bug de login m\'a pris pas mal tout le temps dEOLEOLe ma dernière séance de travail alors là je vais refactoriserEOLEOL', '2021-10-18 18:11:56', 296, 4),
(528, 'J\'apporte mon aide à Zalec.', '2021-10-18 18:23:55', 292, 8),
(529, 'j\'ai un problème pour afficher mon combobox', '2021-10-18 18:23:57', 294, 6),
(530, 'Implémentation du bouton \"Ajout\" d\'une propriété, qui ouvre EOLEOLun formulaire vide, dans le contexte d\'un compte propriétaireEOLEOL.', '2021-10-18 18:24:38', 295, 7),
(531, 'Mouais, ce serait pratique que j\'ai ce sur quoi Jordan travaEOLEOLille en se moment... Je vais voir ce que je peux faire en attEOLEOLendant', '2021-10-18 18:29:01', 296, 4),
(532, 'j\'essaye d\'afficher les document', '2021-10-18 19:22:19', 297, 6),
(533, 'je veut afficher les bon appartement pour chaque addresse', '2021-10-18 19:22:42', 297, 6),
(534, 'Ça va être bon pour se soir, plus tard que j\'avais prévu', '2021-10-18 19:37:42', 296, 4),
(535, 'Je me relance dans le menu adaptatif', '2021-10-18 20:16:42', 299, 8),
(536, 'La logique derrière le menu adaptatif me donne des difficultEOLEOLés, je change souvent ma façon de faire.', '2021-10-18 21:07:26', 299, 8),
(537, 'Je crois que je parviens à une logique fonctionnelle.', '2021-10-18 21:30:23', 299, 8),
(538, 'Je crois que je vais devoir abandonner l\'idée du menu adaptaEOLEOLtif.', '2021-10-18 21:49:49', 299, 8),
(539, 'Fait l\'achat d\'une transaction', '2021-10-18 21:57:20', 300, 5),
(540, 'Fait l\'update de la table UtilisateurCrypto', '2021-10-18 21:57:37', 300, 5),
(541, 'J\'ai un problème avec la récupération d\'un locataire en bd.', '2021-10-18 22:28:39', 301, 8),
(542, 'J\'ai résolu mon problème.', '2021-10-18 22:48:36', 301, 8),
(543, 'Voire pour afficher un graphique hard codé de valeur de portEOLEOLefeuille dans le détail d\'un utilisateur', '2021-10-19 08:56:45', 302, 4),
(544, 'Écriture de commentaires', '2021-10-19 10:18:22', 303, 9),
(545, 'débugage', '2021-10-19 15:12:19', 304, 1),
(546, 'Il y a des problème avec l\'enregistrement dans la bd', '2021-10-19 16:03:56', 304, 1),
(547, 'problème corrigé', '2021-10-19 16:10:29', 304, 1),
(548, 'quelqu\'un a modifier mon code est mainteneant il y a une parEOLEOLtie qui ne marche pas alors je vais pas faire cette partie làEOLEOL pour le restant du projet', '2021-10-19 16:17:09', 305, 6),
(549, 'Création des boutons de connexion rapide', '2021-10-19 16:22:14', 304, 1),
(550, 'Ajout de commentaire', '2021-10-19 16:53:37', 304, 1),
(551, 'Finis pour l\'instant avec le RU-1', '2021-10-19 17:01:35', 304, 1),
(552, 'J\'analyse le code de nathan puisque ce récit est lié au sien', '2021-10-19 17:07:38', 307, 1),
(553, 'j\'arrive pas a afficher le nombre d\'occupant', '2021-10-19 17:08:20', 306, 6),
(554, 'je vais travailler sur le bouton annuler', '2021-10-19 17:08:41', 308, 6),
(555, 'Je commence la création d\'évaluation', '2021-10-19 17:28:43', 307, 1),
(556, 'Suite de de l\'implémentation du bouton \"Ajout\" d\'une propriéEOLEOLté, qui ouvre un formulaire vide, dans le contexte d\'un comptEOLEOLe propriétaire', '2021-10-19 17:47:36', 310, 7),
(557, 'Suite. Un peu de difficulté pour avoir le les informations dEOLEOLu propriétaire entre chaque usercontrol.', '2021-10-19 18:00:21', 310, 7),
(558, 'j\'ai changer la partie locataire', '2021-10-19 18:09:04', 309, 6),
(559, 'j\'ai chager l\'affichage', '2021-10-19 18:09:18', 309, 6),
(560, 'Debut du travail sur la page de paramètre d\'évaluation', '2021-10-19 18:21:29', 307, 1),
(561, 'je fait les boutons', '2021-10-19 18:25:01', 309, 6),
(562, 'Suite', '2021-10-19 18:26:10', 310, 7),
(563, 'Suite', '2021-10-19 18:43:00', 310, 7),
(564, 'le bouton supprimer marche', '2021-10-19 18:47:35', 309, 6),
(565, 'je suis perdu', '2021-10-19 19:22:15', 309, 6),
(566, 'il y a trop de choses', '2021-10-19 19:22:27', 309, 6),
(567, 'Désactivation de l\'encryption de mot de passe pour la releasEOLEOLe 0.5', '2021-10-19 21:04:12', 311, 9),
(568, 'Révision de la validation des données et test du changement EOLEOLde mot de passe', '2021-10-19 21:37:37', 311, 9),
(569, 'Suite. J\'ai beaucoup de difficulté avec le number picker quiEOLEOL affiche le nombre d\'appartement disponible.', '2021-10-19 22:22:55', 312, 7),
(570, 'Peaufinage et validation', '2021-10-19 22:42:13', 313, 7),
(571, 'Voire pour faire le graphique, trouvé pusieurs sources intérEOLEOLessantes hier', '2021-10-20 07:00:00', 315, 4),
(572, 'J\'avais pas réalisé ais la doc trouvé hier était pour un proEOLEOLduit payant... Trouvé d\'autres approches depuis', '2021-10-20 07:24:06', 315, 4),
(573, 'Réunion scrum', '2021-10-20 07:58:14', 316, 4),
(574, 'Réunion 5', '2021-10-20 07:58:40', 319, 9),
(575, 'Parlee des finalisations pour le livrable', '2021-10-20 08:38:21', 318, 5),
(576, 'Implémenter le graphique de base...', '2021-10-20 08:41:59', 320, 4),
(577, 'Ok, le graphique de démo semble marcher correctement. Seul pEOLEOLroblème est que Jordan a retiré le hashing des mots de passe,EOLEOL ce qui a affecté la BD, mais n\'a pas encore mergé cette secEOLEOLtion avec le main alors je n\'arrive plus à accéder à la sectEOLEOLion utilisateur de la page principale, juste le côté admin..EOLEOL.', '2021-10-20 09:08:26', 320, 4),
(578, 'Entrain de faire la vente de titre', '2021-10-20 12:58:51', 321, 5),
(579, 'vente fini, commence le merge avec le main', '2021-10-20 13:13:15', 321, 5),
(580, 'Attend que le main avant de push mon merge', '2021-10-20 13:37:25', 321, 5),
(581, 'Essaie du code', '2021-10-20 18:58:14', 323, 3),
(582, 'Réglage de difficultés', '2021-10-20 19:05:40', 322, 1),
(583, 'Debugons ensemble quelquesproblèmes', '2021-10-20 19:16:46', 323, 3),
(584, 'le bouton supprimer marche, le bouton ajouter marche mais leEOLEOL bouton sauvegarder ne marche pas encore', '2021-10-20 19:23:30', 324, 6),
(585, 'On n\'était pas capable de régler mon problème avec la fermetEOLEOLure des fenêtres', '2021-10-20 19:36:58', 322, 1),
(586, 'je fait un combobox mais sa marche pas', '2021-10-20 19:43:05', 324, 6),
(587, 'RU-3 - J\'ajoute la partie pour afficher une erreur dans le cEOLEOLode de changement de mot de passe.', '2021-10-20 19:44:08', 325, 9),
(588, 'On aide alexandre avec un problème dans son code', '2021-10-20 20:06:08', 322, 1),
(589, 'le combobox ne marche pas encore', '2021-10-20 20:10:35', 324, 6),
(590, 'Correction de quelques bug encore !', '2021-10-20 20:14:55', 323, 3),
(591, 'RU-3 - Ajout de commentaire et test final du changement de mEOLEOLot de passe.', '2021-10-20 20:18:50', 325, 9),
(592, 'RU-3 - Merge de la branche modUser à main', '2021-10-20 20:50:57', 325, 9),
(593, 'Validation du mot de passe et de la confirmation', '2021-10-20 21:04:28', 327, 7),
(594, 'j\'ai changer le look de la partie document', '2021-10-20 21:09:59', 326, 6),
(595, 'je veut pouvoir afficher les bon document qui correspond au EOLEOLappartement', '2021-10-20 21:10:28', 326, 6),
(596, 'Suite', '2021-10-20 21:16:11', 327, 7),
(597, 'Amelioration du code', '2021-10-20 21:21:38', 323, 3),
(598, 'Validation du courriel', '2021-10-20 21:55:37', 327, 7),
(599, 'Validation des caractères vides', '2021-10-20 22:11:07', 327, 7),
(600, 'Ça marche', '2021-10-20 22:18:04', 327, 7),
(601, 'Connexion automatique après la création du compte', '2021-10-20 22:28:35', 327, 7),
(602, 'Je vérifie mon avancement sur le contrat, pour faire le poinEOLEOLt sur ce qu\'il me reste à faire.', '2021-10-20 22:31:04', 329, 8),
(603, 'Ça marche', '2021-10-20 22:33:09', 327, 7),
(604, 'Validation du mot de passe', '2021-10-20 22:33:31', 330, 7),
(605, 'C\'est fait. J\'essaie de hash le mot de passe.', '2021-10-20 22:59:27', 330, 7),
(606, 'Ça marche', '2021-10-20 23:10:51', 330, 7),
(607, 'Je me suis fait des todo dans le code pour résumer ce qu\'il EOLEOLreste à faire.', '2021-10-20 23:12:14', 329, 8),
(608, 'Soirée productive. C\'est l\'heure de dormir.', '2021-10-20 23:17:20', 330, 7),
(609, 'Je crée des UC et VM pour les pages restantes.', '2021-10-20 23:38:06', 329, 8),
(610, 'J\'ai un meilleure vue d\'ensemble sur ce qu\'il me reste à faiEOLEOLre.', '2021-10-20 23:50:13', 329, 8),
(611, 'Bon, je vais voir pour plus intégrer les graphiques dans l\'aEOLEOLpplication aujourd\'hui', '2021-10-21 07:05:58', 331, 4),
(612, 'Ça a pas été trop compliqué de pousser la gestion des donnéeEOLEOLs pour le graphique de chandelles dasn le VM', '2021-10-21 07:25:17', 331, 4),
(613, 'Ajuster le graphique du côté admin a été un peu plus compliqEOLEOLué, on atteint le détail utilisateur au travers de click dansEOLEOL un datagrid ce qui complexifie un peu l\'accès à la VM', '2021-10-21 08:04:53', 331, 4),
(614, 'Revérifier que je n\'ai rien oublié dans mes livrables pour lEOLEOLe premier sprint', '2021-10-21 08:14:06', 332, 4),
(615, 'Tout semble y être!', '2021-10-21 08:19:50', 332, 4),
(616, 'Ajout des bouton de modification dans la section de détail dEOLEOLe compte des utilisateurs', '2021-10-21 09:21:33', 333, 9),
(617, 'Transformation de la section de modification de fond en popuEOLEOLp', '2021-10-21 09:56:52', 333, 9),
(618, 'Je développe un validateur pour valider les données entrées.', '2021-10-21 10:01:48', 335, 8),
(619, 'Je m\'arrête pour le travail', '2021-10-21 10:15:25', 335, 8),
(620, 'Je travail sur la création d\'une propriété', '2021-10-21 10:25:13', 336, 7),
(621, 'Je viens de remarquer que ce n\'est pas dans la version 0.5, EOLEOLje vais faire la modification d\'une propriété.', '2021-10-21 10:29:14', 337, 7),
(622, 'C\'est illogique, je dois créer la propriété avant de la modiEOLEOLfié', '2021-10-21 10:37:02', 338, 7),
(623, 'Suite', '2021-10-21 10:46:39', 338, 7),
(624, 'Suite', '2021-10-21 11:21:34', 338, 7),
(625, 'cleanup de l\'interface', '2021-10-21 11:37:26', 339, 1),
(626, 'Suite', '2021-10-21 11:48:10', 338, 7),
(627, 'Suite. Je suis en train de faire les validations de créationEOLEOL d\'une propriété.', '2021-10-21 11:56:16', 338, 7),
(628, 'Vérification des données des paramètres de l\'évaluation', '2021-10-21 12:20:43', 339, 1),
(629, 'Quelques complexification dans les liens entre adresse et prEOLEOLopriété', '2021-10-21 12:22:10', 338, 7),
(630, 'Connecter le graphique hard codé, pour l\'instant, dans le déEOLEOLtail crypto', '2021-10-21 12:23:14', 341, 4),
(631, 'J\'ai du changer de poste pour laisser celui à l\'étudiant quiEOLEOL l\'utilise d\'habitude pour le cours ou je squat', '2021-10-21 12:38:32', 342, 4),
(632, 'Fouiller un peu sur comment travailler avec l\'API de binance', '2021-10-21 12:52:32', 343, 4),
(633, 'Début de la programmation de la création de question', '2021-10-21 12:57:23', 339, 1),
(634, 'Gestion de l\'affichage et la fermeture des fenêtres', '2021-10-21 13:31:58', 339, 1),
(635, 'Il y a des NuGet pour gérer l\'API de binance, mais ils semblEOLEOLent tous fonctionner en considérant que l\'on veut se connecteEOLEOLr à un compte spécifique plutôt que d\'aller chercher les infEOLEOLormations publiques', '2021-10-21 13:33:42', 343, 4),
(636, 'À y regarder plus, je penses que je préfère encore développeEOLEOLr mes propres méthodes pour gérer l\'interaction avec binance', '2021-10-21 13:59:07', 343, 4),
(637, 'Néttoyage de la solution reglage des bug et autre', '2021-10-21 14:02:12', 345, 9),
(638, 'adptation du code de création de carte pour la création de qEOLEOLuestions', '2021-10-21 14:09:30', 339, 1),
(639, 'Réglage de bug de navigation', '2021-10-21 14:33:25', 345, 9),
(640, 'Je vais prendre une pause pour me rafraichir les idées', '2021-10-21 14:33:59', 339, 1),
(641, 'Retour de la rencontre finale du sprint avec Alain, oublié dEOLEOLe switcher à une réunion', '2021-10-21 14:34:32', 343, 4),
(642, 'Bug peu pas faire deux transaction de suiteEOLEOL', '2021-10-21 14:45:29', 344, 5),
(643, 'Trouvé un problème de build, le fichier hard codé utilisé poEOLEOLur remplir la table des cryptos n\'était pas à un endroit apprEOLEOLoprié dans le projet pour être lue dans la version release', '2021-10-21 14:58:09', 346, 4),
(644, 'Je fais un message de confirmation de la suppression', '2021-10-21 14:59:29', 348, 3),
(645, 'Règlage du bug d\'affichage dans la page de détails d\'utilisaEOLEOLteur pour admin.', '2021-10-21 15:05:51', 345, 9),
(646, 'Ok, la V0.5.2 est bonne pour l\'instant, quelques bugs à réglEOLEOLer mais le processus semble fonctionner', '2021-10-21 15:05:53', 346, 4),
(647, 'Fait un message popup si rien n\'est sélectionné', '2021-10-21 15:08:34', 348, 3),
(648, 'Tout fonctionne à merveille', '2021-10-21 15:22:30', 348, 3),
(649, 'Gestion des bugs finaux', '2021-10-21 15:23:43', 349, 4),
(650, 'Règlage du bug d\'affichage pour les détails d\'utilisateur côEOLEOLté admin.', '2021-10-21 15:36:32', 345, 9),
(651, 'Ajout des radios button', '2021-10-21 15:49:38', 350, 3),
(652, 'Il y a des bugs étranges qu\'on est pas toujours capable de rEOLEOLépliquer alors trouver la source...', '2021-10-21 15:50:50', 349, 4),
(653, 'Je vais développer la connexion du locataire.', '2021-10-21 15:55:22', 351, 8),
(654, 'J\'affiche tout le path du fichier selectionne', '2021-10-21 16:06:42', 350, 3),
(655, 'Règlage du bug d\'affichage pour les détails d\'utilisateur côEOLEOLté admin.', '2021-10-21 16:08:23', 345, 9),
(656, 'Je suis capable d\'afficher le nom du fichier dans label', '2021-10-21 16:24:51', 350, 3),
(657, 'J\'ai revu la façon de faire pour le design de page.', '2021-10-21 16:25:59', 351, 8),
(658, 'Ajout de document dans l\'ORM', '2021-10-21 16:34:53', 350, 3),
(659, 'Reconstruction de la navigation de l\'admin.', '2021-10-21 16:39:08', 352, 9),
(660, 'Ajout d\'une Commande pour envoyer le document', '2021-10-21 16:41:12', 350, 3),
(661, 'On va prendre ça un peu plus relax se soir et revenir demainEOLEOL après le cour de Karine', '2021-10-21 16:43:38', 349, 4),
(662, 'J\'ai créé la connexion locataire, il me reste à tester qu\'elEOLEOLle fonctionne', '2021-10-21 16:45:05', 351, 8),
(663, 'encore bug', '2021-10-21 16:49:27', 344, 5),
(664, 'le bug est maintenant seulement qunad on change avec la tabCEOLEOLontrol du Compte', '2021-10-21 17:05:45', 344, 5),
(665, 'Je suis tané, j\'arrête pour le moment', '2021-10-21 17:06:05', 344, 5),
(666, 'J\'apporte des ajustement au menu.', '2021-10-21 17:10:45', 351, 8),
(667, 'Je rend fonctionnel le menu.', '2021-10-21 17:31:00', 351, 8),
(668, 'Je fais la structure des pages stationnements et paiement avEOLEOLec des données hardcodé', '2021-10-21 17:51:15', 355, 7),
(669, 'Début de la réunion', '2021-10-21 18:04:49', 357, 7),
(670, 'réunion mise en pause.', '2021-10-21 18:23:01', 356, 8),
(671, 'Poursuite de développement du menu.', '2021-10-21 18:23:41', 359, 8),
(672, 'on a fini la réunion', '2021-10-21 18:28:40', 360, 6),
(673, 'j\'ai réussi à afficher le combobox', '2021-10-21 18:48:40', 361, 6),
(674, 'enfiinn', '2021-10-21 18:48:48', 361, 6),
(675, 'J\'aide Karim à faire un binding sur un combobox', '2021-10-21 18:52:43', 362, 8),
(676, 'Nous avons réussi à réglé quelques le problèmes de binding àEOLEOL Karim.', '2021-10-21 19:31:42', 362, 8),
(677, 'j\'ai réussi a avancé', '2021-10-21 19:57:32', 361, 6),
(678, 'je continue a avancé', '2021-10-21 19:59:19', 361, 6),
(679, 'Je fais la structure des pages stationnements et paiement avEOLEOLec des données hardcodé', '2021-10-21 20:08:03', 363, 7),
(680, 'finalement réglé le bug', '2021-10-21 20:10:37', 364, 5),
(681, 'entrain de rajouter du feedback pour l\'utilisateur et des vaEOLEOLlidations', '2021-10-21 20:11:01', 364, 5),
(682, 'il y a des bogue avec le bouton ajouter', '2021-10-21 20:19:52', 365, 6),
(683, 'Suite', '2021-10-21 20:30:27', 363, 7),
(684, 'La réunion est terminée.', '2021-10-21 20:30:47', 362, 8),
(685, 'Je hard-code les notification du résumé.', '2021-10-21 20:31:13', 366, 8),
(686, 'J\'ai terminé le résumé', '2021-10-21 20:44:19', 366, 8),
(687, 'Ajouter fonds au detailMonnaie', '2021-10-21 20:45:52', 369, 5),
(688, 'fait une nouvelle migration', '2021-10-21 20:52:11', 368, 3),
(689, 'j\'essaye d\'afficher le nombre d\'occupant', '2021-10-21 20:52:28', 367, 6),
(690, 'Suite', '2021-10-21 21:00:43', 363, 7),
(691, 'Suite', '2021-10-21 21:14:50', 363, 7),
(692, 'Fait le formatage de string pour les fonds', '2021-10-21 21:20:10', 369, 5),
(693, 'Fait restriction pour l\'achat quand quantité titre épuisé', '2021-10-21 21:20:44', 369, 5),
(694, 'Problème de liaison entre groupe et document', '2021-10-21 21:22:00', 353, 3),
(695, 'Je cherche à savoir comment afficher un fichier pdf', '2021-10-21 21:29:06', 372, 8),
(696, 'Suite', '2021-10-21 21:36:33', 363, 7),
(697, 'cette partie est fini', '2021-10-21 21:38:23', 373, 6),
(698, 'je suis perdue', '2021-10-21 21:50:31', 374, 6),
(699, 'Je fais le \"number picker\" qui ajoute le nombre de champs d\'EOLEOLappartement à remplir en dessous. Un bon défi.', '2021-10-21 21:50:49', 375, 7),
(700, 'Liaison regler pour groupe et document', '2021-10-21 21:50:56', 353, 3),
(701, 'Je n\'ai pas trouvé comment mettre un document dans wpf. J\'y EOLEOLreviendrez plus tard.', '2021-10-21 21:51:27', 372, 8),
(702, 'Je développe l\'affichage du compte', '2021-10-21 22:07:07', 376, 8),
(703, 'Je ne suis pas capable de mettre les liens en bd', '2021-10-21 22:19:51', 353, 3),
(704, 'Suite', '2021-10-21 22:20:38', 375, 7),
(705, 'J\'ai complété l\'affichage des données du compte locataire.', '2021-10-21 22:30:32', 376, 8),
(706, 'Je me lance dans la modification du compte locataire.', '2021-10-21 22:31:22', 377, 8),
(707, 'Suite', '2021-10-21 22:42:41', 375, 7),
(708, 'Liaison complete', '2021-10-21 22:56:22', 353, 3),
(709, 'Suite. La logique est là, j\'essaie d\'ajouter un stackpanel aEOLEOLvec des éléments dedans (label et textblock) pour chaque appaEOLEOLrtement.', '2021-10-21 23:02:41', 375, 7),
(710, 'La modification de mot de passe est fonctionnelle.', '2021-10-21 23:03:41', 377, 8),
(711, 'Je vais maintenant me reposer.', '2021-10-21 23:05:26', 377, 8),
(712, 'Adaptation du code selon le contrat', '2021-10-22 07:54:20', 378, 1),
(713, 'fix d\'un petit bug dans la validation des informations pour EOLEOLles champs vide', '2021-10-22 08:16:50', 378, 1),
(714, 'Réparation de bugs', '2021-10-22 08:25:55', 379, 4),
(715, 'peaufinement des évaluations', '2021-10-22 08:51:31', 378, 1),
(716, 'la partie ajouter fait des bugs', '2021-10-22 09:40:55', 380, 6),
(717, 'Difficulté a faire fonctionné la combobox des groupes et claEOLEOLsses dans la page accueil', '2021-10-22 09:57:27', 378, 1),
(718, 'beaucoups de bug a régler', '2021-10-22 10:33:25', 378, 1),
(719, 'Début - réunion 6 pre release', '2021-10-22 10:43:01', 381, 9),
(720, 'Prerelease', '2021-10-22 10:43:09', 383, 5),
(721, 'Réunion 6, dernière avant release 0.5', '2021-10-22 10:43:18', 382, 4),
(722, 'j\'ai oublier mon commentaire', '2021-10-22 10:53:32', 380, 6),
(723, 'j\'avance sur la partie d\'ajouter un nouveau locataire ou le EOLEOLmodifier', '2021-10-22 10:54:02', 380, 6),
(724, 'Bonne dernière réunion de ma coordonation, prochaine lundi pEOLEOLour lancer le nouveau sprint', '2021-10-22 11:10:12', 382, 4),
(725, 'Rafraichissement des données dans la page de détail de l\'utiEOLEOLlisateur.', '2021-10-22 11:19:08', 384, 9),
(726, 'Je débute le développement des fonctionnalités du la page StEOLEOLationnement', '2021-10-22 11:28:37', 385, 8),
(727, 'Changement des conditions des liste du côté admin', '2021-10-22 11:49:50', 384, 9),
(728, 'Suite de la dernière session de travail. j\'essaie d\'ajouter EOLEOLun stackpanel avec des éléments dedans (label et textblock) pEOLEOLour chaque appartement selon la quantité choisie.', '2021-10-22 11:52:09', 387, 7),
(729, 'Suite', '2021-10-22 12:15:47', 387, 7),
(730, 'Travail sur les validation de connexion', '2021-10-22 12:19:58', 384, 9),
(731, 'J\'ai aidé Zalec à résoudre partiellement l\'ajout d\'appartemeEOLEOLnt dans une propriété.', '2021-10-22 12:32:33', 386, 8),
(732, 'J\'ai aidé Karim à résoudre une partie de la création d\'un TeEOLEOLnant, mais un problème survient lors de l\'ajout en bd.', '2021-10-22 12:33:44', 386, 8),
(733, 'ajout des demandes du contrat dans la page accueil', '2021-10-22 12:37:25', 388, 1),
(734, 'Suite', '2021-10-22 12:37:59', 387, 7),
(735, 'j\'ai eu un probleme reseau', '2021-10-22 12:38:44', 389, 6),
(736, 'J\'ai eu besoin d\'aide de mes coéquipiers pour régler un bug', '2021-10-22 12:56:19', 388, 1),
(737, 'Suite', '2021-10-22 13:02:39', 387, 7),
(738, 'On reporte la réunion', '2021-10-22 13:08:11', 386, 8),
(739, 'Je finalise l affichage de l historique des documents', '2021-10-22 13:14:14', 392, 3),
(740, 'j\'ai un problem avec la sauvegarde', '2021-10-22 13:22:22', 390, 6),
(741, 'Je fais de la recherche pour fixer certains bug que je ne coEOLEOLmprend pas', '2021-10-22 13:27:03', 388, 1),
(742, 'J\'ai fait un ménage sur les incohérence du code.', '2021-10-22 13:32:30', 393, 8),
(743, 'Derniers bugs apparus au niveau du portefeuille', '2021-10-22 13:33:11', 395, 4),
(744, 'Suite', '2021-10-22 13:39:38', 387, 7),
(745, 'Impossible d\'acceder au groupe du documents dans l\'historiquEOLEOLe', '2021-10-22 13:40:06', 392, 3),
(746, 'Bug de duplication du portefeuille suite à des connexions suEOLEOLccessives est réglé, mais de mettre le portefeuille à jouraprEOLEOLès une transaction est plus compliqué tout d\'un coup. Dès quEOLEOL\'il y a une transaction, la mise à jour automatique gèle!', '2021-10-22 13:45:32', 395, 4),
(747, 'rien marche EOLEOL', '2021-10-22 13:49:21', 396, 6),
(748, 'hardcodage des données', '2021-10-22 13:51:56', 388, 1),
(749, 'Bon, ben en vidant puis remplissant la liste portefeuille à EOLEOLpartir de la BD à chaque cycle, tout marche parfaitement, weiEOLEOLrd.', '2021-10-22 13:56:36', 395, 4),
(750, 'Eating time', '2021-10-22 14:12:12', 393, 8),
(751, 'Correction de l\'interface', '2021-10-22 14:17:47', 392, 3),
(752, 'j\'ai un probleme avec mon ToolEF.ZimoContext.SaveChanges();', '2021-10-22 14:18:36', 397, 6),
(753, 'Il y a encore quelques problèmes avec l\'enregistrement dans EOLEOLla BD des évaluations', '2021-10-22 14:31:12', 388, 1),
(754, 'Retour au plan de stationnement', '2021-10-22 14:48:35', 398, 8),
(755, 'j\'ai ce probleme Microsoft.EntityFrameworkCore.DbUpdateExcepEOLEOLtion ', '2021-10-22 15:12:40', 400, 6),
(756, 'J\'ai réussi, avec l\'aide d\'Alain, à afficher l\'image du statEOLEOLionnement.', '2021-10-22 15:13:43', 398, 8),
(757, 'j\'achève', '2021-10-22 15:14:14', 388, 1),
(758, 'Suite', '2021-10-22 15:15:17', 399, 7),
(759, 'Début de la réunion', '2021-10-22 15:17:36', 402, 7),
(760, 'Début de la réunion, prise 2.', '2021-10-22 15:17:49', 401, 8),
(761, 'Aide Zalec', '2021-10-22 15:33:58', 402, 7),
(762, 'Voyons pour faire le build V0.5', '2021-10-22 15:34:34', 404, 4),
(763, 'Correction des bugs', '2021-10-22 15:55:48', 406, 3),
(764, 'Fin de la réunion', '2021-10-22 15:56:51', 402, 7),
(765, 'Suite de la dernière session de travail. j\'essaie d\'ajouter EOLEOLun stackpanel avec des éléments dedans (label et textblock) EOLEOLpour chaque appartement selon la quantité choisie.', '2021-10-22 15:57:11', 407, 7),
(766, 'J\'aide Zalec à réglé l\'ajout et le retrait d\'appartement danEOLEOLs la création de propriété.', '2021-10-22 15:57:34', 401, 8),
(767, 'Là dessus, la première remise est effectuée, en espérant queEOLEOL je n\'ai rien oublié...', '2021-10-22 16:08:57', 404, 4),
(768, 'réglage de bug avant la remise', '2021-10-22 16:12:58', 409, 1),
(769, 'j\'ai encore le mem problem', '2021-10-22 16:15:18', 410, 6),
(770, 'je suis blocker de partous', '2021-10-22 16:15:32', 410, 6),
(771, 'Suite', '2021-10-22 16:18:12', 407, 7),
(772, 'Correction reussi', '2021-10-22 16:20:44', 406, 3),
(773, 'Suite', '2021-10-22 16:40:30', 407, 7),
(774, 'Je fais le bouton de déconnexion', '2021-10-22 16:47:38', 408, 8),
(775, 'J\'ai apporter des changement au menu', '2021-10-22 16:47:52', 408, 8),
(776, 'Merge', '2021-10-22 17:10:59', 406, 3),
(777, 'on merge notre code ensemble', '2021-10-22 17:11:46', 409, 1),
(778, 'rajout d\'un cours de base dans la création d\'un prof', '2021-10-22 17:15:59', 409, 1),
(779, 'Suite', '2021-10-22 17:21:41', 412, 7),
(780, 'Corrections de nombreuse erreurs', '2021-10-22 17:23:01', 406, 3),
(781, 'Suite', '2021-10-22 17:37:39', 412, 7),
(782, 'j\'essaye de faire le bouton ajouter', '2021-10-22 17:49:17', 411, 6),
(783, 'Dernieres corrections avant la remise', '2021-10-22 17:58:20', 409, 1),
(784, 'fini', '2021-10-22 18:06:01', 411, 6),
(785, 'enfin wow', '2021-10-22 18:06:08', 411, 6),
(786, 'Ça marche. Je complète maintenant l\'ajout en bd.', '2021-10-22 18:13:25', 412, 7),
(787, 'je suis capable d\'ajouter un locataire en bd / le modifier /EOLEOL le supprimer', '2021-10-22 18:16:53', 411, 6),
(788, 'on est incapable de fix certains bugs', '2021-10-22 18:17:07', 409, 1),
(789, 'Suite. La propriété se crée, l\'adresse aussi mais il y a queEOLEOLlques données qui ne s\'ajoute pas.', '2021-10-22 18:26:51', 412, 7),
(790, 'Reussi', '2021-10-22 18:33:42', 406, 3),
(791, 'Suite', '2021-10-22 18:48:18', 412, 7),
(792, 'La propriété s\'ajoute, mais sans être associer au propriétaiEOLEOLre', '2021-10-22 18:56:39', 412, 7),
(793, 'Suite, restructuration du menu du propriétaire, je n\'étais pEOLEOLas dans le bon contexte', '2021-10-22 19:17:22', 412, 7),
(794, 'Suite', '2021-10-22 19:37:10', 412, 7),
(795, 'Suite', '2021-10-22 19:57:12', 412, 7),
(796, 'Suite', '2021-10-22 20:15:55', 412, 7),
(797, 'Le menu est fait, mais ma création de propriété ne marche paEOLEOLs parfaitement. L\'adresse est A1. Il manque le homeowner id dEOLEOLans la propriété et les valeurs entrés manuellement pour l\'aEOLEOLppartement.', '2021-10-22 20:33:07', 412, 7),
(798, 'boutton triche', '2021-10-22 20:50:06', 415, 8),
(799, 'Suite', '2021-10-22 20:51:25', 412, 7),
(800, 'Création:EOLEOLAdresse: okEOLEOLRealEstate: okEOLEOLTenement: rental 0 ', '2021-10-22 20:56:56', 412, 7),
(801, 'Ça marche. C\'était un problème de binding', '2021-10-22 21:13:00', 412, 7),
(802, 'j\'arrange la bd', '2021-10-22 21:13:57', 416, 6),
(803, 'je fait cette partieEOLEOL', '2021-10-22 21:14:11', 417, 6),
(804, 'Je dois faire la listebox des propriétés pour un propriétairEOLEOLe', '2021-10-22 21:31:59', 418, 7),
(805, 'combobox*', '2021-10-22 21:39:16', 418, 7),
(806, 'fini pour cette version', '2021-10-22 21:40:11', 419, 6),
(807, 'J\'ai tenté d\'aider karim à régler un problème.', '2021-10-22 21:41:33', 415, 8),
(808, 'J\'améliore les fonctionnalité de triche', '2021-10-22 21:41:58', 415, 8),
(809, 'Problème pour afficher l\'adresse', '2021-10-22 21:49:42', 418, 7),
(810, 'J\'ai trouvé comment affiché l\'adresse, mon problème est mainEOLEOLtenant pour \"Toutes\" mes propriétés', '2021-10-22 21:56:15', 418, 7),
(811, 'Encore correction de la triche', '2021-10-22 21:59:26', 415, 8),
(812, 'J\'essaie de merge tout ça, la remise approche', '2021-10-22 22:07:55', 418, 7),
(813, 'J\'essai de faire le visuel au moins de la logique de modificEOLEOLation, ce sera fait pour la prochaine remise.', '2021-10-22 22:26:08', 420, 7),
(814, 'Suite', '2021-10-22 22:43:06', 420, 7),
(815, 'Validation, discussions et tests pour la remise.', '2021-10-22 23:16:30', 421, 7),
(816, 'Suite', '2021-10-22 23:24:57', 421, 7),
(817, 'Corrections apportées', '2021-10-22 23:30:13', 415, 8),
(818, 'Remise en cours', '2021-10-22 23:30:21', 415, 8),
(819, 'Préparation de la remise', '2021-10-22 23:30:40', 421, 7),
(820, 'de la version 0.5*', '2021-10-22 23:31:00', 421, 7),
(821, 'Remise', '2021-10-22 23:41:29', 421, 7),
(822, 'Remise effectuée', '2021-10-22 23:42:01', 415, 8),
(823, 'Lancement du nouveau sprint', '2021-10-25 10:50:57', 422, 4),
(824, 'Réunion - début sprint 2', '2021-10-25 10:51:32', 424, 9),
(825, 'Décidé ce qu\'on fait pour ce sprint', '2021-10-25 11:11:19', 423, 5),
(826, 'Fin de la réunion', '2021-10-25 11:24:42', 424, 9),
(827, 'Bonne réunion, crée de nouvelles taches a gérer', '2021-10-25 11:26:59', 422, 4),
(828, 'Réunion fini , création de nouvelle tâches', '2021-10-25 11:27:22', 423, 5),
(829, 'Début de la réunion', '2021-10-25 17:21:45', 425, 7),
(830, 'Début de la réunion', '2021-10-25 17:24:29', 427, 8),
(831, 'Fin de la réunion', '2021-10-25 17:31:27', 427, 8),
(832, 'Fin de la réunion', '2021-10-25 17:31:29', 425, 7),
(833, 'Début de la reconstruction de la navigation côté admin.', '2021-10-25 18:02:48', 428, 9),
(834, 'Changement des viewmodels pour accomoder la navigation par tEOLEOLabcontrol.', '2021-10-25 18:32:59', 428, 9),
(835, 'Suppression des propriétés superflus lié à ces changements.', '2021-10-25 19:03:54', 428, 9),
(836, 'Fin de la session', '2021-10-25 19:23:54', 428, 9),
(837, 'Commencer le serveur nodejs pour gérer les transactions diffEOLEOLérées', '2021-10-26 14:28:09', 429, 4),
(838, 'Je combine les user control de détails utilisateur.', '2021-10-26 14:40:51', 431, 9),
(839, 'Distribution des taches', '2021-10-26 14:49:41', 430, 3),
(840, 'La boucle sur un timer dans Node est surprennament facile à EOLEOLfaire, maintenant ressortir les notes de service d\'échange...EOLEOL', '2021-10-26 14:57:05', 429, 4),
(841, 'Réussi à combiner les deux uc.', '2021-10-26 15:17:07', 431, 9),
(842, 'Recherche sur la communication entre les viewmodels.', '2021-10-26 15:18:10', 432, 9),
(843, 'On avait pas vraiment fait de http requests en node, principEOLEOLale des appels à des BD mongo', '2021-10-26 15:20:54', 429, 4),
(844, 'Me semblait bien aussi, le TP2!', '2021-10-26 15:22:07', 429, 4),
(845, 'Recherche sur mvvmlight et création d\'un prototype.', '2021-10-26 15:47:39', 432, 9),
(846, 'Bon, temps pour une interview', '2021-10-26 15:53:46', 429, 4),
(847, 'Fin de la recherche avec données inconcluantes.', '2021-10-26 16:20:09', 432, 9),
(848, 'Continuer le fichier de validation', '2021-10-26 21:39:03', 433, 8),
(849, 'je reprend la validation', '2021-10-26 22:26:22', 434, 8),
(850, 'Validation du mot de passe', '2021-10-26 23:02:51', 434, 8),
(851, 'Retour au serveur node, étrangement, dès que j\'ai ajouté axiEOLEOLos au projet hier, npm a arrêté de fonctionner correctement, EOLEOLfaut que je règle ça avant de pouvoir continuer...', '2021-10-27 07:43:56', 435, 4),
(852, 'Yes! le setIntervale fonctionne et je peux lui passer une foEOLEOLnction async pour récuperer les résultats d\'une requète http,EOLEOL les bases fonctionnent, reste plus qu\'à remettre le tout enEOLEOL forme pour construire sur quelque chose de plus clean', '2021-10-27 08:06:47', 435, 4),
(853, 'Bon, trouver comment avoir le server time', '2021-10-27 08:32:56', 435, 4),
(854, 'Damn faire synchroniser le temps Binance et celui de mon ordEOLEOLi semble un paquet de trouble...', '2021-10-27 08:53:46', 435, 4),
(855, 'Vient de créer un repository GitHub de ce que j\'ai fait pourEOLEOL le serveur pour l\'instant, que les deux autres puissent le vEOLEOLoir et que je puisse l\'utiliser du cégep', '2021-10-27 09:01:44', 435, 4),
(856, 'Réunion de scrum, première du nouveau sprint', '2021-10-27 11:43:56', 436, 4),
(857, 'Début - réunion 7', '2021-10-27 11:45:47', 437, 9),
(858, 'Commence réunion, distribution des tâchesEOLEOL', '2021-10-27 11:58:04', 438, 5),
(859, 'Petits de problèmes de communication entre moi et Jordan, toEOLEOLus les deux pensaient que l\'autre allait gérer la section nodEOLEOLejs', '2021-10-27 12:09:02', 436, 4),
(860, 'Réunion 7 - Retour sur le développement.', '2021-10-27 12:18:07', 437, 9),
(861, 'Discussion du serveur node.js', '2021-10-27 12:35:39', 438, 5),
(862, 'Un peu dure de diriger les efforts tant qu\'on a pas le détaiEOLEOLl des attentes d\'Alain', '2021-10-27 12:45:41', 436, 4),
(863, 'Fin de la réunion 7', '2021-10-27 12:47:01', 437, 9),
(864, 'Recherche sur argon2 comme algorithme de hashage pour les moEOLEOLt de passe et création d\'un projet de test.', '2021-10-27 12:52:42', 439, 9),
(865, 'Je vais passer aux connections entre notre programme principEOLEOLal et l\'API de Binance pour mettre à jour les cryptos avec leEOLEOLs vrai données', '2021-10-27 13:22:41', 440, 4),
(866, 'Test d\'argon2 : Génération trop longue si 1go de mémoire utiEOLEOLlisé pour le hashage.', '2021-10-27 13:23:58', 439, 9),
(867, 'Test de pbkdf2: Test de la vitesse de l\'algo.', '2021-10-27 13:35:31', 439, 9),
(868, 'Test terminé. Argon2 sera utilisé.', '2021-10-27 14:01:27', 439, 9),
(869, 'Merge de la branche de refonte de la navigation de l\'admin.', '2021-10-27 14:02:32', 441, 9),
(870, 'Bon, je travaille avec des méthodes async maintenant comme jEOLEOLe fais des requêtes http, mais le constructeur n\'aime pas y êEOLEOLtre associé...', '2021-10-27 14:04:02', 440, 4),
(871, 'Premier appel http fonctionne bien, reste à le \"mesher\" avecEOLEOL le reste des listes', '2021-10-27 14:19:16', 440, 4),
(872, 'Merge complèté!', '2021-10-27 14:20:00', 441, 9),
(873, 'Voire pour intégrer ce que l\'on obtient de l\'API avec la lisEOLEOLte des cryptomonnaies de l\'application', '2021-10-28 06:52:18', 442, 4),
(874, 'Bon, je pensais avoir bien avancé, mais  les listes de cryptEOLEOLos ne se remplissent plus alors...', '2021-10-28 07:34:16', 442, 4),
(875, 'Bon, essayer de gérer l\'initialisation de la liste des cryptEOLEOLos et la garder mise à jour dans la même méthode n\'est pas unEOLEOLe bonne idée...', '2021-10-28 07:36:43', 442, 4),
(876, 'Yep, une première méthode pour tirer les cryptos de la BD puEOLEOLis gérer la connexion à Binance dans la loupe infinie pour leEOLEOLs mises à jour fonctionne beaucoup mieux', '2021-10-28 07:53:52', 442, 4),
(877, 'Travail semblable, mais maintenant on essaie d\'obtenir les dEOLEOLonnées pour les graphiques en chandelle de l\'application, pouEOLEOLr une seule crypto', '2021-10-28 07:57:51', 443, 4),
(878, 'Mouais, les klines renvoyé par Binance n\'ont pas de propertyEOLEOL names, juste une liste de valeurs, risque de compliquer la dEOLEOLéssérialisation', '2021-10-28 08:30:13', 443, 4),
(879, 'Mouais, mon approche de simplement convertir le Content de lEOLEOLa réponse de l\'appel http puis de le déssérialiser ne marche EOLEOLvraiment pas, le ToString() semble seulement convertir le heEOLEOLader du content???', '2021-10-28 09:15:57', 443, 4),
(880, 'Bon, les klines sont désérialisées dasn un nesting de listesEOLEOL que le système peut lire, maintenant distribuer les données EOLEOLde la bonne façon', '2021-10-28 09:32:32', 443, 4),
(881, 'Problème d\'indexing d\'array.EOLEOLOn verra ça cet après-midi...', '2021-10-28 10:00:24', 443, 4),
(882, 'Mise en place du nouveau système de Hashage avec argon2', '2021-10-28 10:01:56', 444, 9),
(883, 'Mise en place d\'argon2 dans l\'application.', '2021-10-28 10:32:13', 444, 9),
(884, 'Le programme gèle à la génération du hash.', '2021-10-28 11:10:33', 444, 9),
(885, 'Retour sur l\'intégration des klines de Binance pour les grapEOLEOLhs', '2021-10-28 13:37:03', 445, 4),
(886, 'Le graphique de chandelle d\'une crypto semble loader à la peEOLEOLrfection! Tester un peu plus pour s\'assurer qu\'il n\'y a pas dEOLEOLe bugs puis commencer à voir comment changer les périodes deEOLEOL temps couvertes par chaque chandelle', '2021-10-28 14:05:38', 445, 4),
(887, 'entrain de régler un bug', '2021-10-28 14:36:22', 446, 5),
(888, 'Lecture sur comment faire du ftp en c', '2021-10-28 14:37:17', 447, 3),
(889, 'J\'ai essayé de mettre la pair, affichage/envoi api de l\'inteEOLEOLrvale en un dictionnay mais j,arrive pas à bien le faire foncEOLEOLtionner avec le dropbox, je vais changer pour une collectionEOLEOL d\'objet intervale pour contenir ces détails', '2021-10-28 15:07:14', 445, 4),
(890, 'C\'est bien intéressant', '2021-10-28 15:07:51', 447, 3),
(891, 'je veut afficher les address qui appartiennent au homeOwner EOLEOLconnecté', '2021-10-28 15:17:56', 448, 6),
(892, 'Argon2 est trop lent, implémentation de pbkdf2 avec HMAC-SHAEOLEOL-256', '2021-10-28 15:26:23', 449, 9),
(893, 'eu réunion avec le prof', '2021-10-28 15:28:30', 446, 5),
(894, 'encore entrain de corriger un bug', '2021-10-28 15:28:45', 446, 5),
(895, 'Ok , le changement de période de chandelle semble bien fonctEOLEOLionner, maintenant voire comment la propriété timeframe de faEOLEOLncycandles affecte le tout...', '2021-10-28 15:32:00', 445, 4),
(896, 'correction bug', '2021-10-28 15:45:44', 446, 5),
(897, 'Changement de la bd pour ajouter les hash au deux compte de EOLEOLtest', '2021-10-28 15:56:46', 449, 9),
(898, 'Bon, le graphique du détail d\'une crypto semble être bien foEOLEOLnctionnel. Je vais rentrer comme ma rencontre avec Alain est EOLEOLdans un bout, et m\'y remettre plus tard', '2021-10-28 15:58:23', 445, 4),
(899, 'on fait la réunion', '2021-10-28 16:03:48', 450, 6),
(900, 'Début de la réunion', '2021-10-28 16:05:31', 451, 8),
(901, 'Début de la réunion', '2021-10-28 16:10:00', 452, 7),
(902, 'Création de dossier pour le ftp', '2021-10-28 16:12:44', 447, 3),
(903, 'dossier cours', '2021-10-28 16:23:31', 447, 3),
(904, 'Module de mot de passe fusionner dans le main.', '2021-10-28 16:36:14', 449, 9),
(905, 'on se remet sur l\'api, voire pour créer l\'historique du portEOLEOLefeuille cette fois', '2021-10-28 16:46:28', 454, 4),
(906, 'Je regarde les exemples d\'Alain pour le ftp', '2021-10-28 16:59:45', 447, 3),
(907, 'Recherche pour régler le bug', '2021-10-28 17:06:26', 453, 5),
(908, 'Le problème de la valeur du portefeuille c\'est que le nombreEOLEOL de chaque crypto change avec le temps, en plus de leur valeuEOLEOLr', '2021-10-28 17:14:39', 454, 4),
(909, 'Encore dans le bug', '2021-10-28 17:31:36', 453, 5),
(910, 'BOn, mon cerveau ne veut plus fonctionner... temps de finir EOLEOLça pour la journée, à demain!', '2021-10-28 17:33:04', 454, 4),
(911, 'j\'abandonne pour l\'instant la résolution du bug', '2021-10-28 17:49:50', 453, 5),
(912, 'changé le look de la liste déroulante', '2021-10-28 18:17:29', 457, 6),
(913, 'je change le look encoreEOLEOL', '2021-10-28 19:16:35', 457, 6),
(914, 'début réunion', '2021-10-29 10:21:35', 458, 5),
(915, 'Réunion 8 - début', '2021-10-29 10:23:41', 459, 9),
(916, 'Réunion 8', '2021-10-29 10:23:55', 460, 4),
(917, 'Bonne réunion', '2021-10-29 10:50:30', 458, 5),
(918, 'Réunion - 8 fin', '2021-10-29 10:52:26', 459, 9),
(919, 'RU-2 - Désactivation du système de mot de passe.', '2021-10-29 11:01:01', 461, 9),
(920, 'Validation du hash désactivé pour la section de connexion.', '2021-10-29 11:34:02', 461, 9),
(921, 'Désactivation du hashage de mot de passe pour la création deEOLEOL compte.', '2021-10-29 11:35:03', 462, 9),
(922, 'Le hashage de mot de passe à la création du compte a été désEOLEOLactivé. Désactivation du hashage et confirmation de mot de paEOLEOLsse à sa modification.', '2021-10-29 11:40:34', 462, 9),
(923, 'Désactivation du hashage en cours.', '2021-10-29 12:14:06', 462, 9),
(924, 'Hashage désactiver.', '2021-10-29 12:37:46', 462, 9),
(925, 'Permettre aux graphiques de la valeur de la cryptomonnaie deEOLEOL se mettre à jour à la fin de son intervale sélectionné', '2021-10-29 12:58:58', 463, 4),
(926, 'Fin de la session.', '2021-10-29 13:01:13', 462, 9),
(927, 'Validation du code pour merge. (Les actions ne se recharge pEOLEOLas)', '2021-10-29 13:09:38', 464, 9),
(928, 'Je sens que ce ne sera pas un après-midi très constructif, jEOLEOL\'ai l\'impression d\'avoir le cerveau dans la ouate. Enfin, on EOLEOLva faire le mieux avec notre temps...', '2021-10-29 13:18:38', 463, 4),
(929, 'rencontre de négo', '2021-10-29 13:29:34', 465, 8),
(930, 'Ajout d\'une icon à l\'application.', '2021-10-29 13:38:07', 464, 9),
(931, 'Bon, la mise à jour des valeurs est buggée, ça marchait bienEOLEOL hier mais aujourd\'hui la boucle de mise à jour est bustée', '2021-10-29 13:42:40', 463, 4),
(932, 'Trouvé le bug, il y a une nouvelle crypto dans le système deEOLEOL Binance et essayer de l\'ajouter automatiquement dans nos lisEOLEOLtes fait crasher l\'application', '2021-10-29 13:50:18', 463, 4),
(933, 'Les modifications ont été envoyer au main.', '2021-10-29 14:09:13', 464, 9),
(934, 'Première rounde de discution avec Alain pour le sprint 2', '2021-10-29 14:20:46', 466, 4),
(935, 'Fin de la réunion', '2021-10-29 15:14:42', 466, 4),
(936, 'discusion de notre avancement', '2021-10-29 16:10:04', 467, 3),
(937, 'Amélioration de l\'interface Groupe', '2021-10-29 16:56:15', 468, 3),
(938, 'Je continue à refaire l\'interface', '2021-10-29 17:30:05', 468, 3),
(939, 'Je fait la fonction pour quitter la page de Groupe', '2021-10-30 14:43:38', 469, 3),
(940, 'continue de regarder', '2021-10-30 15:22:05', 469, 3),
(941, 'J\'ai des problemes', '2021-10-30 15:58:15', 469, 3),
(942, 'Incapable de fermer la fenetre actuelle', '2021-10-30 16:25:49', 469, 3),
(943, 'Je vais revenir à ce problème plus tard , je vais faire en sEOLEOLorte que un cours est sélectionné automatiquement quand on arEOLEOLrive sur la page Groupe', '2021-10-30 16:35:27', 469, 3),
(944, 'Je lis de la doc', '2021-10-30 17:02:56', 469, 3),
(945, 'JJe crois avoir trouver comment faire pour avoir un cours etEOLEOL un groupe par defaut', '2021-10-30 17:38:31', 469, 3),
(946, 'Je fais que les eleves ne peuvent pas etre dans la liste d eEOLEOLtudiant si il sont deja dans un groupe', '2021-10-30 17:52:11', 469, 3),
(947, 'Je peux ajouter un eleve a un groupe et il devien indisponibEOLEOLle', '2021-10-30 18:08:38', 469, 3),
(948, 'il faut que je rend le combobox visible', '2021-10-31 11:24:56', 470, 6),
(949, 'j\'essaye de trouver pourquoi le combobox est invisible', '2021-10-31 11:52:58', 470, 6),
(950, 'le combobox est encore invisible', '2021-10-31 12:35:00', 472, 6),
(951, 'je trouve pas la cause du probleme', '2021-10-31 12:53:51', 473, 6),
(952, 'réparation de bug', '2021-10-31 13:13:24', 474, 6),
(953, 'Mettre les boutons de choix d\'utilisateur en surbrillance seEOLEOLlon le contexte', '2021-10-31 13:24:29', 475, 7),
(954, 'C\'est fait', '2021-10-31 13:39:39', 475, 7),
(955, 'Correction de la liste déroulante du choix des propriétés', '2021-10-31 13:40:06', 476, 7),
(956, 'je repare encore les bug', '2021-10-31 13:52:59', 477, 6),
(957, 'Suite', '2021-10-31 14:16:05', 476, 7),
(958, 'Contournement du bug contexte', '2021-10-31 14:24:49', 478, 5),
(959, 'je fix d\'autre bug', '2021-10-31 14:39:14', 479, 6),
(960, 'j\'ai réparer le bug pour ajouter/sauvegarder/supprimer un loEOLEOLcataire', '2021-10-31 14:44:08', 479, 6),
(961, 'Travaille sur l\'affichage', '2021-10-31 14:49:00', 478, 5),
(962, 'Suite et recherche sur les changements de style', '2021-10-31 15:14:38', 476, 7),
(963, 'Pendant 1h', '2021-10-31 15:14:48', 476, 7),
(964, 'Recherche stringformat', '2021-10-31 15:32:26', 478, 5),
(965, 'Recherche sur les listes lorsque la liste déroulante est ouvEOLEOLerte', '2021-10-31 15:37:01', 476, 7),
(966, 'Nouvelle validation', '2021-10-31 16:03:09', 478, 5),
(967, 'enlever principe tout ou rien', '2021-10-31 16:38:35', 481, 5),
(968, 'Suite', '2021-10-31 17:09:01', 482, 7),
(969, 'Ahhhhhhhhh! C\'était la propriété \"ComboBox.ItemContainerStylEOLEOLe\"', '2021-10-31 17:19:42', 482, 7),
(970, 'Recherche sur les fonctions loop nodejs.', '2021-11-01 15:14:54', 483, 9),
(971, 'Fin de la recherche', '2021-11-01 15:43:52', 483, 9),
(972, 'Tentative de lecture sur la bd pour les transactions.', '2021-11-01 15:44:36', 484, 9),
(973, 'Établissement de la connection à la bd.', '2021-11-01 16:18:19', 484, 9),
(974, 'Réunion', '2021-11-01 16:45:33', 486, 7),
(975, 'Début de la réunion', '2021-11-01 16:52:07', 487, 8),
(976, 'Tentative de lecture en bd.', '2021-11-01 16:52:33', 484, 9),
(977, 'Fin de la session de travail, Réponse de la bd. Par contre lEOLEOLa réponse est undefined.', '2021-11-01 17:14:56', 484, 9),
(978, 'Discussion sur l\'avenir du projet à court terme', '2021-11-01 17:16:57', 486, 7),
(979, 'disscution', '2021-11-01 17:17:07', 485, 6),
(980, 'Discussion sur nos idées de développement', '2021-11-01 17:17:23', 487, 8),
(981, 'Fin de la réunion', '2021-11-01 17:26:34', 486, 7),
(982, 'Fin de la réunion', '2021-11-01 17:26:44', 487, 8),
(983, 'je fait les validation', '2021-11-01 17:34:18', 488, 6),
(984, 'J\'ajoute un radio button pour une autre option', '2021-11-01 19:07:29', 489, 3),
(985, 'J\'essai de faire fonctionner cette nouvelle fonction', '2021-11-01 19:28:24', 489, 3),
(986, 'Une erreur de mysql vien d arriver WOW', '2021-11-01 19:45:45', 489, 3),
(987, 'Problème trouvé !!!', '2021-11-01 19:54:32', 489, 3),
(988, ' Je fais la distribution de document pour aux groupes d\'un cEOLEOLours sélectionné', '2021-11-01 21:42:05', 490, 3),
(989, 'Essaie de trouver une belle solution', '2021-11-01 22:29:37', 490, 3),
(990, 'Proof of concept d\'API pour tester les capacités avec MYSQL.', '2021-11-01 22:54:35', 491, 9),
(991, 'Enfin ... Ca ffonctionne !!!', '2021-11-01 23:12:10', 490, 3),
(992, 'Test de l\'api de test.', '2021-11-01 23:26:12', 491, 9),
(993, 'Toujour aucun résultat, la fonction de requète retourne encoEOLEOLre undefined.', '2021-11-01 23:55:57', 491, 9),
(994, 'Patcher temporairement le bug de nouvelle crypto', '2021-11-02 09:11:48', 492, 4),
(995, 'Les timestamp de nodejs me font des misères...', '2021-11-02 09:59:00', 492, 4),
(996, 'Déconnexion du propriétaire', '2021-11-02 19:55:48', 494, 8),
(997, 'J essai de mettre les date en ISO', '2021-11-02 20:07:20', 493, 3),
(998, 'déconnexion fait', '2021-11-02 20:11:21', 494, 8),
(999, 'nouveau style de bouton', '2021-11-02 20:11:40', 494, 8),
(1000, 'Biizzard', '2021-11-02 20:33:42', 493, 3),
(1001, 'Innocent moi etre .... j ai juste besoin de convertir se quiEOLEOL sort de la bd ...', '2021-11-02 20:45:56', 493, 3),
(1002, 'Je pense avoir reussi :)', '2021-11-02 20:54:08', 493, 3),
(1003, 'J\'ai fait plusieurs styles intéressant pour l\'app', '2021-11-02 21:02:46', 494, 8),
(1004, 'Les style de bouton commence à avoir plus de cohérence', '2021-11-02 21:27:14', 494, 8),
(1005, 'J\'ai bien amélioré les style de bouton, mais il reste du traEOLEOLvail à faire.', '2021-11-02 21:41:18', 494, 8),
(1006, 'Recherche pour filtrer', '2021-11-02 21:44:31', 496, 5),
(1007, 'Entrain de faire le RU-14', '2021-11-02 22:05:15', 497, 5),
(1008, 'Faiit filtrer transaction par symbole', '2021-11-02 22:19:39', 497, 5),
(1009, 'Finit le filtrage des noms et symbole des cryptos', '2021-11-02 22:36:45', 497, 5),
(1010, 'Test de la requête getAll.', '2021-11-02 23:30:00', 498, 9),
(1011, 'Réussite de la récupération des données. La fonction getAll EOLEOLne retourne plus undefined et retourne à la place les donnéesEOLEOL.', '2021-11-02 23:46:27', 498, 9),
(1012, 'Test de la conversion du résultat de la bd en object accessiEOLEOLble.', '2021-11-03 00:24:54', 498, 9),
(1013, 'Bon, essayer de régler les timestamps de nodejs', '2021-11-03 07:07:53', 499, 4),
(1014, 'Tout ce gossage pour réaliser que le serveur de binance doitEOLEOL être programmé en js parce qu\'il ustilise la même base de tiEOLEOLmestamp...', '2021-11-03 07:23:27', 499, 4),
(1015, 'Donc, je peux maintenant récupérer les klines pour une périoEOLEOLde de temps voulue pour une crypto voulue, maintenant voire pEOLEOLour organiser ces klines dans un objet pour les manipuler', '2021-11-03 07:54:00', 499, 4),
(1016, 'Ok, il y a quelque chose que je ne comprends manifestement pEOLEOLas avec les classes de modèle dans js, les exemples que j\'utiEOLEOLlise passent toutes par des bd mongoose alors c\'est pas toutEOLEOL à fait applicable ici alors que je veux juste une classe inEOLEOLterne...', '2021-11-03 08:50:57', 499, 4),
(1017, 'Le export/import du modèle ne marche toujours pas...', '2021-11-03 09:01:05', 499, 4),
(1018, 'Implémentation de la query en bd dans l\'api de développementEOLEOL.', '2021-11-03 11:48:11', 500, 9),
(1019, 'Faire fonctionner les classes de données dans node', '2021-11-03 12:11:21', 501, 4),
(1020, 'Implémentation de crypto.', '2021-11-03 12:14:51', 500, 9),
(1021, 'Réunion 9 - début', '2021-11-03 12:15:22', 502, 9),
(1022, 'Réunion9', '2021-11-03 12:15:30', 503, 4),
(1023, 'Fin de la réunion 9.', '2021-11-03 12:28:55', 502, 9),
(1024, 'Fin réunion, j\'avais pas fait beaucoup depuis la précédente', '2021-11-03 12:29:08', 503, 4),
(1025, 'Implémentation de la récupération de crypto dans l\'API.', '2021-11-03 12:29:20', 505, 9),
(1026, 'Implémentation de la section de création de nouvelles transaEOLEOLctions si la trxSiff est valide.', '2021-11-03 12:53:41', 505, 9),
(1027, 'Fin de la réunion', '2021-11-03 12:56:06', 504, 5),
(1028, 'Enfin réglé le problème d\'exportation du modèle, maintenant EOLEOLvoire pour correctement parser le JSON reçu de Binance', '2021-11-03 12:57:12', 506, 4),
(1029, 'Tentative d\'insertion en bd d\'une nouvelle transaction.', '2021-11-03 13:33:21', 505, 9),
(1030, 'Parfait, donc ma contribution au serveur node devrait être bEOLEOLonne, le serveur s\'active à toute les minutes et appel l\'API EOLEOLde binance pour obtenir les klines demandées.', '2021-11-03 13:36:16', 506, 4),
(1031, 'Faire les modifications cosmétiques demandées par Alain', '2021-11-03 13:38:07', 507, 4),
(1032, 'Tentative d\'ajout en bd d\'une nouvelle transaction. Pas d\'erEOLEOLreur, mais n\'insère pas en bd.', '2021-11-03 14:02:30', 505, 9),
(1033, 'Les dates et le problème de couleur de bg sur sélection d\'unEOLEOLe rangée est réglé', '2021-11-03 14:05:40', 507, 4),
(1034, 'Voire pour ajouter la valeur totale du portefeuille', '2021-11-03 14:17:47', 507, 4),
(1035, 'Bon, une array dont un de mes morceaux a disparu, probablemeEOLEOLnt un mauvais merge... Va falloir le retrouver ou le réécrireEOLEOL', '2021-11-03 14:26:16', 507, 4),
(1036, 'Toujour pas d\'insertion en bd. Aucun message d\'erreur.', '2021-11-03 14:30:03', 505, 9),
(1037, 'je refais des tests', '2021-11-03 19:26:27', 508, 6),
(1038, 'j\'ai fini mes test', '2021-11-03 20:00:25', 508, 6),
(1039, 'Un peu de style', '2021-11-03 20:12:01', 510, 8),
(1040, 'Je vais faire la logique de modification d\'un compte propriéEOLEOLtaire, donc les détails d\'un compte.', '2021-11-03 20:34:41', 511, 7),
(1041, 'Style amélioré', '2021-11-03 20:40:29', 510, 8),
(1042, 'j\'arrive pas a afficher les address unique du proprio', '2021-11-03 20:51:39', 509, 6),
(1043, 'je suis juste capable de tous les afficher', '2021-11-03 20:51:58', 509, 6),
(1044, 'Création de l\'interface graphique des détails d\'un compte prEOLEOLopriétaire', '2021-11-03 20:54:29', 511, 7),
(1045, 'j\'ai reussi a afficher les bonne address', '2021-11-03 20:58:43', 509, 6),
(1046, 'Suite', '2021-11-03 21:24:44', 511, 7);
INSERT INTO `commentaires` (`Id`, `Contenu`, `Horodateur`, `Session_Id`, `Developpeur_Id`) VALUES
(1047, 'Je fais plusieurs corrections dans les pages existantes', '2021-11-03 21:29:52', 510, 8),
(1048, 'Suite. Création des boutons \"mon compte\" et \"mes propriétés\"EOLEOL dans la fenêtre \"mon compte\"', '2021-11-03 21:47:14', 511, 7),
(1049, 'J\'apporte de la cohérence entre les pages', '2021-11-03 21:55:46', 510, 8),
(1050, 'Tout fonctionne niveau navigation', '2021-11-03 22:06:08', 511, 7),
(1051, 'Ajout du modèle de l\'utilisateur dans l\'API.', '2021-11-03 22:25:20', 513, 9),
(1052, 'encore de la cohérence entre les pages', '2021-11-03 22:37:30', 510, 8),
(1053, 'Erreur lors de l\'ajout d\'une nouvelle propriété', '2021-11-03 22:42:24', 511, 7),
(1054, 'C\'était seulement une erreur de nommage', '2021-11-03 22:53:40', 511, 7),
(1055, 'Test de la query findOne pour l\'utilisateur.', '2021-11-03 22:55:30', 513, 9),
(1056, 'Finalisation de l\'ajout et suppression de l\'onglet mes proprEOLEOLiétés dans le menu', '2021-11-03 23:11:15', 511, 7),
(1057, 'Encore du style', '2021-11-03 23:11:52', 510, 8),
(1058, 'Ajout des vérifications pour les transactions automatiques.', '2021-11-03 23:17:56', 513, 9),
(1059, 'En attente du merge contenant les fonctions de crypto binancEOLEOLe.', '2021-11-03 23:46:11', 513, 9),
(1060, 'Fini pour ce soir.', '2021-11-04 00:05:33', 510, 8),
(1061, 'Retrouver l\'array perdue', '2021-11-04 07:48:58', 514, 4),
(1062, 'Essayé de mettre à jour les chandelles automatiquement mais EOLEOLla boucle crach au moment de la mise à jour...', '2021-11-04 08:13:36', 514, 4),
(1063, 'Bon ben le threading peut devenir complexe lorsque des ressoEOLEOLurces doivent être partagées', '2021-11-04 08:29:46', 514, 4),
(1064, 'La mise à jour automatique du graphique de chandelle semble EOLEOLtrès bien fonctionner, il se met à jour à tends et s\'ajuste lEOLEOLorsque l\'intervale est modifié', '2021-11-04 08:36:59', 514, 4),
(1065, 'L\'intervale minimum est de 1 minutes puis ça monte, juste faEOLEOLire quelques tests pour voire comment les plus long intervaleEOLEOLs se comportent prends du temps', '2021-11-04 09:03:24', 514, 4),
(1066, 'Le calcul de la valeur du portefeuille devrait être bon, Il EOLEOLest à l\'intérieru d\'un Utilisateur, comme il peut voir tout sEOLEOLon portefeuille, et il est mis à jour à tous les cycles', '2021-11-04 09:24:22', 514, 4),
(1067, 'Bouger l\'historique dans l\'écran portefeuille va être plus cEOLEOLomplexe que je le pensais à la base, il est mantenant lié à lEOLEOLa fonction de tri ce qui fait pas mal plus de morceaux à dépEOLEOLlacer...', '2021-11-04 10:11:55', 514, 4),
(1068, 'Bon, on va arrêter ici pour se matin, de retour en après-midEOLEOLi', '2021-11-04 10:16:15', 514, 4),
(1069, 'Merge de la partie de départ de l\'api dans le main.', '2021-11-04 10:22:21', 515, 9),
(1070, 'Création de la méthode de validation de transactions.', '2021-11-04 10:49:04', 515, 9),
(1071, 'Validation des prix et de la disponibilité des actions pour EOLEOLla vente.', '2021-11-04 11:20:30', 515, 9),
(1072, 'Ajout de la méthode update pour l\'utilisateur afin de mettreEOLEOL à jour ses fonds.', '2021-11-04 11:59:24', 515, 9),
(1073, 'Ajout du modèle du portefeuille.', '2021-11-04 12:23:13', 515, 9),
(1074, 'Bon, on va commencer par faire un toggle pour cacher/afficheEOLEOLr le portefeuille, on y ajoutera l\'historique par la suite', '2021-11-04 13:18:11', 516, 4);

-- --------------------------------------------------------

--
-- Structure de la table `developpeurs`
--

DROP TABLE IF EXISTS `developpeurs`;
CREATE TABLE IF NOT EXISTS `developpeurs` (
  `Id` int(11) NOT NULL AUTO_INCREMENT,
  `Nom` varchar(50) CHARACTER SET utf8 DEFAULT NULL,
  `Prenom` varchar(50) CHARACTER SET utf8 DEFAULT NULL,
  `Matricule` varchar(7) CHARACTER SET utf8 NOT NULL,
  `MotDePasse` varchar(10) DEFAULT NULL,
  `EtatConnexion` varchar(20) DEFAULT NULL,
  `ProjetAssigne_Id` int(11) DEFAULT NULL,
  `DernierLogin` datetime DEFAULT NULL,
  `NbLogin` int(11) DEFAULT NULL,
  `DateCreation` datetime NOT NULL,
  PRIMARY KEY (`Id`),
  UNIQUE KEY `Id` (`Id`),
  KEY `ProjetAssigne_Id` (`ProjetAssigne_Id`)
) ENGINE=MyISAM AUTO_INCREMENT=14 DEFAULT CHARSET=latin1;

--
-- Déchargement des données de la table `developpeurs`
--

INSERT INTO `developpeurs` (`Id`, `Nom`, `Prenom`, `Matricule`, `MotDePasse`, `EtatConnexion`, `ProjetAssigne_Id`, `DernierLogin`, `NbLogin`, `DateCreation`) VALUES
(1, 'Aspect', 'Alain', '1111111', '11', NULL, 1, NULL, 0, '2021-09-24 09:49:43'),
(2, 'Bhuto', 'Bénazir', '2222222', '11', NULL, 1, NULL, 0, '2021-09-24 09:54:39'),
(3, 'Cossette', 'Claude', '3333333', '11', NULL, 1, NULL, 0, '2021-09-24 09:54:39'),
(4, 'Drapeau', 'Diane', '4444444', '11', NULL, 2, NULL, 0, '2021-09-24 09:56:41'),
(5, 'Elysée', 'Ertha', '5555555', '11', NULL, 2, NULL, 0, '2021-09-24 09:56:41'),
(6, 'Flaubert', 'Françoise', '6666666', '11', NULL, 3, NULL, 0, '2021-09-24 09:59:36'),
(7, 'Guénette', 'Ginette', '7777777', '11', NULL, 3, NULL, 0, '2021-09-24 10:00:34'),
(8, 'Hector', 'Henri', '8888888', '11', NULL, 3, NULL, 0, '2021-09-24 10:00:34'),
(9, 'Isabelle', 'Isidore', '9999999', '11', NULL, 2, NULL, 0, '2021-09-24 10:02:27'),
(10, 'Wartell', 'Alian', '1234567', '11', NULL, 4, NULL, 0, '2021-09-27 15:52:26'),
(11, 'admin', 'admin', 'admin', '11', NULL, NULL, NULL, NULL, '2021-11-12 00:00:00');

-- --------------------------------------------------------

--
-- Structure de la table `projets`
--

DROP TABLE IF EXISTS `projets`;
CREATE TABLE IF NOT EXISTS `projets` (
  `Id` int(11) NOT NULL AUTO_INCREMENT,
  `Nom` varchar(100) CHARACTER SET utf8 DEFAULT NULL,
  `Statut` varchar(30) CHARACTER SET utf8 DEFAULT NULL,
  PRIMARY KEY (`Id`),
  UNIQUE KEY `Id` (`Id`)
) ENGINE=MyISAM AUTO_INCREMENT=5 DEFAULT CHARSET=latin1;

--
-- Déchargement des données de la table `projets`
--

INSERT INTO `projets` (`Id`, `Nom`, `Statut`) VALUES
(1, 'Manhatan', 'en cours'),
(2, 'Barbarosa', 'en cours'),
(3, 'Jubilee', 'en cours'),
(4, 'Code-X', NULL);

-- --------------------------------------------------------

--
-- Structure de la table `sessionstravail`
--

DROP TABLE IF EXISTS `sessionstravail`;
CREATE TABLE IF NOT EXISTS `sessionstravail` (
  `Id` int(11) NOT NULL AUTO_INCREMENT,
  `TacheId` int(11) NOT NULL,
  `TacheNumero` varchar(20) NOT NULL,
  `Debut` datetime NOT NULL,
  `Fin` datetime DEFAULT NULL,
  `DevId` int(11) DEFAULT NULL,
  PRIMARY KEY (`Id`),
  UNIQUE KEY `Id` (`Id`),
  KEY `Dev_Id` (`DevId`)
) ENGINE=MyISAM AUTO_INCREMENT=520 DEFAULT CHARSET=latin1;

--
-- Déchargement des données de la table `sessionstravail`
--

INSERT INTO `sessionstravail` (`Id`, `TacheId`, `TacheNumero`, `Debut`, `Fin`, `DevId`) VALUES
(1, 68, '3D4-1', '2021-09-29 23:47:29', '2021-09-29 23:53:13', 10),
(2, 74, '5C8-1', '2021-09-30 13:14:26', '2021-09-30 13:48:48', 10),
(3, 48, 'RU-1', '2021-09-30 14:29:13', '2021-09-30 14:29:45', 6),
(4, 74, '5C8-1', '2021-09-30 14:29:33', '2021-09-30 14:30:16', 10),
(5, 48, 'RU-1', '2021-09-30 14:29:52', '2021-09-30 14:30:06', 6),
(6, 48, 'RU-1', '2021-09-30 14:30:10', '2021-09-30 14:30:30', 6),
(7, 79, 'corriger', '2021-09-30 14:30:20', '2021-09-30 14:33:16', 10),
(8, 48, 'RU-1', '2021-09-30 14:30:31', '2021-09-30 14:32:48', 6),
(9, 84, 'RU-1', '2021-09-30 14:32:28', '2021-09-30 14:32:51', 3),
(10, 48, 'RU-1', '2021-09-30 14:32:49', '2021-09-30 14:33:08', 6),
(11, 85, 'RU-2', '2021-09-30 14:32:58', '2021-09-30 14:34:10', 3),
(12, 68, '3D4-1', '2021-09-30 14:33:18', '2021-09-30 14:35:31', 10),
(13, 50, 'RU-3', '2021-09-30 14:33:35', '2021-09-30 14:33:47', 6),
(14, 48, 'RU-1', '2021-09-30 14:33:51', '2021-09-30 14:34:30', 6),
(15, 85, 'RU-2', '2021-09-30 14:34:19', '2021-09-30 14:34:35', 3),
(16, 48, 'RU-1', '2021-09-30 14:34:34', '2021-09-30 14:35:15', 6),
(17, 85, 'RU-2', '2021-09-30 14:34:36', '2021-09-30 14:36:02', 3),
(18, 48, 'RU-1', '2021-09-30 14:35:16', '2021-09-30 14:35:27', 6),
(19, 36, 'RU-1', '2021-09-30 14:35:31', '2021-09-30 14:35:42', 5),
(20, 68, '3D4-1', '2021-09-30 14:35:32', '2021-09-30 15:48:14', 10),
(21, 48, 'RU-1', '2021-09-30 14:35:34', '2021-09-30 14:36:21', 6),
(22, 36, 'RU-1', '2021-09-30 14:35:45', '2021-09-30 14:36:48', 5),
(23, 48, 'RU-1', '2021-09-30 14:36:22', '2021-09-30 14:39:02', 6),
(24, 48, 'RU-1', '2021-09-30 14:37:20', '2021-09-30 14:37:52', 7),
(25, 48, 'RU-1', '2021-09-30 14:37:53', '2021-09-30 17:06:36', 7),
(26, 62, 'Réu', '2021-09-30 15:03:04', '2021-09-30 17:37:04', 5),
(27, 108, 'Autres', '2021-09-30 15:03:50', '2021-09-30 15:55:15', 3),
(28, 62, 'Réu', '2021-09-30 15:05:25', '2021-09-30 16:53:09', 4),
(29, 62, 'Réu', '2021-09-30 15:07:04', '2021-09-30 17:36:00', 9),
(30, 68, '3D4-1', '2021-09-30 15:48:24', '2021-09-30 15:49:08', 10),
(31, 75, '5C8-2', '2021-09-30 15:49:10', '2021-09-30 15:49:14', 10),
(32, 74, '5C8-1', '2021-09-30 15:49:16', '2021-10-01 10:59:44', 10),
(33, 85, 'RU-2', '2021-09-30 15:55:23', '2021-09-30 16:03:52', 3),
(34, 85, 'RU-2', '2021-09-30 16:03:57', '2021-09-30 17:22:20', 3),
(35, 62, 'Réu', '2021-09-30 16:53:11', '2021-10-01 07:31:00', 4),
(36, 65, 'Réu', '2021-09-30 17:06:39', '2021-09-30 17:07:11', 7),
(37, 45, 'RU-10', '2021-10-01 07:31:15', '2021-10-01 08:21:58', 4),
(38, 36, 'RU-1', '2021-10-01 10:06:05', '2021-10-01 13:16:35', 9),
(39, 48, 'RU-1', '2021-10-01 10:10:28', '2021-10-01 10:10:38', 6),
(40, 48, 'RU-1', '2021-10-01 10:10:43', '2021-10-01 10:11:46', 6),
(41, 84, 'RU-1', '2021-10-01 10:16:09', '2021-10-01 10:16:57', 2),
(42, 84, 'RU-1', '2021-10-01 10:17:00', '2021-10-01 10:18:50', 2),
(43, 84, 'RU-1', '2021-10-01 10:19:54', '2021-10-01 10:20:15', 2),
(44, 45, 'RU-10', '2021-10-01 11:13:14', '2021-10-01 12:12:32', 4),
(45, 107, 'Réu', '2021-10-01 11:14:56', '2021-10-01 11:22:04', 3),
(46, 87, 'RU-4', '2021-10-01 11:15:03', '2021-10-01 12:16:23', 2),
(47, 110, 'R', '2021-10-01 11:22:13', '2021-10-01 13:27:32', 3),
(48, 84, 'RU-1', '2021-10-01 11:30:39', '2021-10-01 12:15:24', 1),
(49, 41, 'RU-6', '2021-10-01 12:00:56', '2021-10-01 12:01:01', 5),
(50, 41, 'RU-6', '2021-10-01 12:05:00', '2021-10-01 13:40:46', 5),
(51, 45, 'RU-10', '2021-10-01 12:12:38', '2021-10-01 15:55:11', 4),
(52, 112, 'R', '2021-10-01 12:37:55', '2021-10-01 15:18:39', 6),
(53, 112, 'R', '2021-10-01 12:40:46', '2021-10-01 12:41:11', 7),
(54, 112, 'R', '2021-10-01 12:41:12', '2021-10-01 12:41:14', 7),
(55, 112, 'R', '2021-10-01 12:41:16', '2021-10-01 16:41:16', 7),
(56, 112, 'R', '2021-10-01 12:41:40', '2021-10-01 12:42:22', 8),
(57, 112, 'R', '2021-10-01 12:42:23', '2021-10-01 14:12:43', 8),
(58, 112, 'R', '2021-10-01 13:09:40', '2021-10-01 14:06:57', 6),
(59, 36, 'RU-1', '2021-10-01 14:15:45', '2021-10-01 15:04:09', 9),
(60, 41, 'RU-6', '2021-10-01 14:36:05', '2021-10-01 14:56:11', 5),
(61, 41, 'RU-6', '2021-10-01 14:56:14', '2021-10-01 16:29:06', 5),
(62, 108, 'Autres', '2021-10-01 15:02:59', '2021-10-01 15:43:47', 3),
(63, 36, 'RU-1', '2021-10-01 16:01:03', '2021-10-01 16:01:06', 4),
(64, 112, 'R', '2021-10-01 17:52:30', '2021-10-01 18:10:02', 6),
(65, 66, 'Autres', '2021-10-01 18:10:14', '2021-10-01 18:49:28', 6),
(66, 66, 'Autres', '2021-10-01 18:49:31', '2021-10-01 18:49:34', 6),
(67, 66, 'Autres', '2021-10-01 18:49:35', '2021-10-01 19:59:48', 6),
(68, 36, 'RU-1', '2021-10-02 18:40:14', '2021-10-02 19:50:41', 9),
(69, 36, 'RU-1', '2021-10-03 10:00:42', '2021-10-03 11:12:48', 9),
(70, 112, 'R', '2021-10-03 12:17:48', '2021-10-03 14:19:29', 6),
(71, 111, 'R', '2021-10-03 12:21:09', '2021-10-03 12:44:47', 5),
(72, 112, 'R', '2021-10-03 12:39:05', '2021-10-03 14:50:53', 7),
(73, 37, 'RU-2', '2021-10-03 13:29:02', '2021-10-03 15:57:58', 9),
(74, 66, 'Autres', '2021-10-03 14:20:00', '2021-10-03 15:19:54', 6),
(75, 49, 'RU-2', '2021-10-03 15:04:15', '2021-10-03 17:19:05', 7),
(76, 54, 'RU-7', '2021-10-03 15:20:19', '2021-10-03 16:32:46', 6),
(77, 37, 'RU-2', '2021-10-03 15:58:40', '2021-10-03 17:17:56', 9),
(78, 107, 'Réu', '2021-10-03 16:08:14', '2021-10-03 17:15:37', 3),
(79, 107, 'Réu', '2021-10-03 16:09:03', '2021-10-03 16:39:13', 1),
(80, 48, 'RU-1', '2021-10-03 17:19:11', '2021-10-03 18:54:29', 7),
(81, 41, 'RU-6', '2021-10-03 19:06:08', '2021-10-03 19:26:14', 5),
(82, 112, 'R', '2021-10-03 19:06:51', '2021-10-03 19:20:30', 6),
(83, 36, 'RU-1', '2021-10-04 10:49:07', '2021-10-04 11:25:19', 4),
(84, 36, 'RU-1', '2021-10-04 11:25:24', '2021-10-04 11:27:52', 4),
(85, 66, 'Autres', '2021-10-04 11:36:07', '2021-10-04 11:38:33', 6),
(86, 108, 'Autres', '2021-10-04 11:36:18', '2021-10-04 13:53:01', 3),
(87, 36, 'RU-1', '2021-10-04 12:03:36', '2021-10-04 12:44:57', 4),
(88, 63, 'Autres', '2021-10-04 14:35:49', '2021-10-04 14:59:36', 5),
(89, 41, 'RU-6', '2021-10-04 14:59:41', '2021-10-04 15:18:23', 5),
(90, 37, 'RU-2', '2021-10-04 15:12:22', '2021-10-04 16:38:10', 9),
(91, 41, 'RU-6', '2021-10-04 15:18:24', '2021-10-04 16:01:50', 5),
(92, 41, 'RU-6', '2021-10-04 16:01:51', '2021-10-04 16:47:40', 5),
(93, 41, 'RU-6', '2021-10-04 17:06:22', '2021-10-04 17:40:27', 5),
(94, 36, 'RU-1', '2021-10-04 18:14:37', '2021-10-04 19:30:20', 9),
(95, 66, 'Autres', '2021-10-04 19:00:12', '2021-10-04 19:15:23', 6),
(96, 54, 'RU-7', '2021-10-04 19:16:13', '2021-10-04 19:59:28', 6),
(97, 113, 'RU-12', '2021-10-04 19:39:43', '2021-10-04 22:50:15', 8),
(98, 36, 'RU-1', '2021-10-05 09:12:09', '2021-10-05 09:45:34', 4),
(99, 42, 'RU-7', '2021-10-05 09:41:43', '2021-10-05 11:50:16', 5),
(100, 111, 'R', '2021-10-05 09:45:39', '2021-10-05 10:40:59', 4),
(101, 45, 'RU-10', '2021-10-05 10:41:02', '2021-10-05 12:44:50', 4),
(102, 63, 'Autres', '2021-10-05 10:45:18', '2021-10-05 11:50:35', 9),
(103, 47, 'RU-12', '2021-10-05 11:50:24', '2021-10-05 11:50:35', 5),
(104, 108, 'Autres', '2021-10-05 12:24:00', '2021-10-05 13:01:14', 3),
(105, 45, 'RU-10', '2021-10-05 12:44:53', '2021-10-05 13:36:24', 4),
(106, 85, 'RU-2', '2021-10-05 13:01:21', '2021-10-05 14:32:11', 3),
(107, 36, 'RU-1', '2021-10-05 13:36:25', '2021-10-05 13:36:48', 4),
(108, 45, 'RU-10', '2021-10-05 13:36:49', '2021-10-05 14:45:09', 4),
(109, 85, 'RU-2', '2021-10-05 14:32:12', '2021-10-05 14:54:32', 3),
(110, 85, 'RU-2', '2021-10-05 14:54:33', '2021-10-05 17:35:00', 3),
(111, 112, 'R', '2021-10-05 17:50:31', '2021-10-05 19:01:54', 6),
(112, 66, 'Autres', '2021-10-05 18:03:00', '2021-10-05 18:20:14', 7),
(113, 54, 'RU-7', '2021-10-05 19:02:03', '2021-10-05 20:05:07', 6),
(114, 40, 'RU-5', '2021-10-06 11:55:51', '2021-10-06 12:33:15', 9),
(115, 85, 'RU-2', '2021-10-06 12:13:18', '2021-10-06 12:29:06', 3),
(116, 62, 'Réu', '2021-10-06 12:38:40', '2021-10-06 13:03:33', 4),
(117, 43, 'RU-8', '2021-10-06 12:45:41', '2021-10-06 12:45:44', 5),
(118, 62, 'Réu', '2021-10-06 12:48:13', '2021-10-06 13:04:25', 9),
(119, 62, 'Réu', '2021-10-06 12:48:20', '2021-10-06 12:49:23', 5),
(120, 45, 'RU-10', '2021-10-06 12:52:41', '2021-10-06 12:52:44', 5),
(121, 62, 'Réu', '2021-10-06 13:00:29', '2021-10-06 15:04:43', 5),
(122, 36, 'RU-1', '2021-10-06 13:03:35', '2021-10-06 14:20:13', 4),
(123, 40, 'RU-5', '2021-10-06 13:04:37', '2021-10-06 14:11:27', 9),
(124, 108, 'Autres', '2021-10-06 13:36:27', '2021-10-06 14:20:47', 3),
(125, 66, 'Autres', '2021-10-06 14:12:33', '2021-10-06 14:17:55', 6),
(126, 45, 'RU-10', '2021-10-06 14:20:16', '2021-10-06 14:21:27', 4),
(127, 85, 'RU-2', '2021-10-06 14:20:51', '2021-10-06 14:23:23', 3),
(128, 66, 'Autres', '2021-10-06 18:20:32', '2021-10-06 19:48:43', 8),
(129, 54, 'RU-7', '2021-10-06 19:20:41', '2021-10-06 19:32:20', 6),
(130, 112, 'R', '2021-10-06 19:32:27', '2021-10-06 19:51:30', 6),
(131, 54, 'RU-7', '2021-10-06 19:51:32', '2021-10-06 20:04:46', 6),
(132, 113, 'RU-12', '2021-10-06 20:05:05', '2021-10-06 21:18:20', 8),
(133, 37, 'RU-2', '2021-10-06 20:46:06', '2021-10-06 21:08:21', 9),
(134, 40, 'RU-5', '2021-10-07 09:54:16', '2021-10-07 11:30:08', 9),
(135, 84, 'RU-1', '2021-10-07 10:10:00', '2021-10-07 13:22:18', 1),
(136, 46, 'RU-11', '2021-10-07 12:06:51', '2021-10-07 14:40:04', 4),
(137, 63, 'Autres', '2021-10-07 12:58:31', '2021-10-07 13:13:38', 5),
(138, 43, 'RU-8', '2021-10-07 13:13:40', '2021-10-07 16:35:25', 5),
(139, 40, 'RU-5', '2021-10-07 13:30:59', '2021-10-07 16:30:51', 9),
(140, 66, 'Autres', '2021-10-07 14:37:12', '2021-10-07 15:05:51', 6),
(141, 62, 'Réu', '2021-10-07 14:40:05', '2021-10-07 14:50:39', 4),
(142, 62, 'Réu', '2021-10-07 14:50:41', '2021-10-07 15:24:46', 4),
(143, 56, 'RU-9', '2021-10-07 15:06:06', '2021-10-07 16:05:17', 6),
(144, 66, 'Autres', '2021-10-07 15:06:24', '2021-10-07 16:14:22', 8),
(145, 46, 'RU-11', '2021-10-07 15:24:48', '2021-10-07 16:52:38', 4),
(146, 66, 'Autres', '2021-10-07 15:25:03', '2021-10-07 16:02:57', 7),
(147, 85, 'RU-2', '2021-10-07 15:42:04', '2021-10-07 17:42:01', 3),
(148, 65, 'Réu', '2021-10-07 16:03:01', '2021-10-07 16:03:02', 7),
(149, 65, 'Réu', '2021-10-07 16:03:05', '2021-10-07 16:47:17', 7),
(150, 65, 'Réu', '2021-10-07 16:05:20', '2021-10-07 16:49:06', 6),
(151, 65, 'Réu', '2021-10-07 16:14:25', '2021-10-07 16:48:23', 8),
(152, 48, 'RU-1', '2021-10-07 16:47:25', '2021-10-07 17:12:03', 7),
(153, 113, 'RU-12', '2021-10-07 16:48:30', '2021-10-07 16:48:52', 8),
(154, 66, 'Autres', '2021-10-07 16:49:12', '2021-10-07 17:11:42', 6),
(155, 66, 'Autres', '2021-10-07 16:49:47', '2021-10-07 19:20:15', 8),
(156, 66, 'Autres', '2021-10-07 17:11:48', '2021-10-07 17:40:46', 6),
(157, 48, 'RU-1', '2021-10-07 17:12:07', '2021-10-07 17:52:29', 7),
(158, 66, 'Autres', '2021-10-07 17:46:54', '2021-10-07 19:20:58', 6),
(159, 50, 'RU-3', '2021-10-07 17:52:33', '2021-10-07 18:31:22', 7),
(160, 50, 'RU-3', '2021-10-07 18:31:29', '2021-10-07 18:49:06', 7),
(161, 52, 'RU-5', '2021-10-07 18:49:09', '2021-10-07 19:08:44', 7),
(162, 46, 'RU-11', '2021-10-08 07:28:09', '2021-10-08 07:48:04', 4),
(163, 47, 'RU-12', '2021-10-08 07:48:08', '2021-10-08 08:00:57', 4),
(164, 62, 'Réu', '2021-10-08 10:39:47', '2021-10-08 11:05:05', 9),
(165, 62, 'Réu', '2021-10-08 10:39:59', '2021-10-08 11:04:43', 5),
(166, 62, 'Réu', '2021-10-08 10:41:22', '2021-10-08 11:06:00', 4),
(167, 107, 'Réu', '2021-10-08 10:43:08', '2021-10-08 14:11:44', 3),
(168, 37, 'RU-2', '2021-10-08 11:08:48', '2021-10-08 11:41:34', 9),
(169, 40, 'RU-5', '2021-10-08 11:41:44', '2021-10-08 14:41:10', 9),
(170, 113, 'RU-12', '2021-10-08 11:47:37', '2021-10-08 13:04:38', 8),
(171, 53, 'RU-6', '2021-10-08 12:23:32', '2021-10-08 12:23:35', 7),
(172, 52, 'RU-5', '2021-10-08 12:23:51', '2021-10-08 12:42:52', 7),
(173, 47, 'RU-12', '2021-10-08 12:53:32', '2021-10-08 14:30:41', 4),
(174, 113, 'RU-12', '2021-10-08 13:04:41', '2021-10-08 15:58:27', 8),
(175, 66, 'Autres', '2021-10-08 13:06:51', '2021-10-08 14:44:41', 6),
(176, 62, 'Réu', '2021-10-08 13:08:22', '2021-10-08 14:46:39', 5),
(177, 107, 'Réu', '2021-10-08 14:11:49', '2021-10-08 15:18:15', 3),
(178, 63, 'Autres', '2021-10-08 14:30:44', '2021-10-08 14:44:51', 4),
(179, 36, 'RU-1', '2021-10-08 14:41:14', '2021-10-08 15:00:12', 9),
(180, 54, 'RU-7', '2021-10-08 14:44:44', '2021-10-08 15:12:43', 6),
(181, 63, 'Autres', '2021-10-08 14:44:53', '2021-10-08 15:45:26', 4),
(182, 43, 'RU-8', '2021-10-08 14:47:07', '2021-10-08 16:26:48', 5),
(183, 85, 'RU-2', '2021-10-08 15:18:17', '2021-10-08 16:36:11', 3),
(184, 62, 'Réu', '2021-10-08 15:45:29', '2021-10-08 16:05:51', 4),
(185, 63, 'Autres', '2021-10-08 16:05:55', '2021-10-08 16:06:00', 4),
(186, 63, 'Autres', '2021-10-08 16:06:02', '2021-10-08 16:42:25', 4),
(187, 51, 'RU-4', '2021-10-08 16:13:46', '2021-10-08 17:54:34', 7),
(188, 85, 'RU-2', '2021-10-08 16:36:13', '2021-10-08 16:36:14', 3),
(189, 85, 'RU-2', '2021-10-08 16:36:16', '2021-10-08 18:00:48', 3),
(190, 63, 'Autres', '2021-10-09 14:52:26', '2021-10-09 15:20:58', 9),
(191, 39, 'RU-4', '2021-10-09 15:21:04', '2021-10-09 16:22:01', 9),
(192, 63, 'Autres', '2021-10-09 16:22:13', '2021-10-09 16:53:02', 9),
(193, 36, 'RU-1', '2021-10-10 15:37:08', '2021-10-10 17:09:44', 9),
(194, 63, 'Autres', '2021-10-10 17:10:55', '2021-10-10 17:22:08', 9),
(195, 40, 'RU-5', '2021-10-11 09:04:48', '2021-10-11 10:29:20', 9),
(196, 54, 'RU-7', '2021-10-11 09:40:13', '2021-10-11 11:05:49', 6),
(197, 111, 'R', '2021-10-11 10:29:27', '2021-10-11 10:29:35', 9),
(198, 111, 'R', '2021-10-11 10:29:37', '2021-10-11 10:58:07', 9),
(199, 54, 'RU-7', '2021-10-11 11:06:00', '2021-10-11 11:45:23', 6),
(200, 54, 'RU-7', '2021-10-11 11:45:26', '2021-10-11 12:08:19', 6),
(201, 63, 'Autres', '2021-10-11 11:56:11', '2021-10-11 12:16:09', 9),
(202, 54, 'RU-7', '2021-10-11 12:08:21', '2021-10-11 13:23:49', 6),
(203, 38, 'RU-3', '2021-10-11 12:16:13', '2021-10-11 12:16:18', 9),
(204, 40, 'RU-5', '2021-10-11 12:16:24', '2021-10-11 13:16:20', 9),
(205, 52, 'RU-5', '2021-10-11 13:24:27', '2021-10-11 13:27:24', 6),
(206, 52, 'RU-5', '2021-10-11 13:27:38', '2021-10-11 14:15:42', 6),
(207, 54, 'RU-7', '2021-10-11 14:15:47', '2021-10-11 14:27:01', 6),
(208, 54, 'RU-7', '2021-10-11 17:11:12', '2021-10-11 18:23:26', 6),
(209, 38, 'RU-3', '2021-10-12 09:11:26', '2021-10-12 10:11:26', 9),
(210, 48, 'RU-1', '2021-10-12 11:33:15', '2021-10-12 15:17:26', 7),
(211, 43, 'RU-8', '2021-10-12 13:26:42', '2021-10-12 15:07:33', 5),
(212, 48, 'RU-1', '2021-10-12 15:25:29', '2021-10-12 18:23:16', 7),
(213, 66, 'Autres', '2021-10-12 16:46:12', '2021-10-12 18:24:10', 8),
(214, 54, 'RU-7', '2021-10-12 18:17:57', '2021-10-12 18:24:15', 6),
(215, 65, 'Réu', '2021-10-12 18:23:18', '2021-10-12 19:46:14', 7),
(216, 65, 'Réu', '2021-10-12 18:24:13', '2021-10-12 20:22:03', 8),
(217, 65, 'Réu', '2021-10-12 18:24:18', '2021-10-12 19:07:28', 6),
(218, 54, 'RU-7', '2021-10-12 19:07:30', '2021-10-12 20:42:27', 6),
(219, 65, 'Réu', '2021-10-12 19:46:20', '2021-10-12 20:22:00', 7),
(220, 48, 'RU-1', '2021-10-12 20:22:02', '2021-10-12 21:07:40', 7),
(221, 66, 'Autres', '2021-10-12 20:42:30', '2021-10-12 21:19:14', 6),
(222, 111, 'R', '2021-10-13 09:35:08', '2021-10-13 09:55:06', 9),
(223, 38, 'RU-3', '2021-10-13 09:55:12', '2021-10-13 12:01:15', 9),
(224, 62, 'Réu', '2021-10-13 13:04:52', '2021-10-13 13:59:41', 5),
(225, 62, 'Réu', '2021-10-13 13:05:00', '2021-10-13 13:47:55', 4),
(226, 62, 'Réu', '2021-10-13 13:05:08', '2021-10-13 13:47:43', 9),
(227, 85, 'RU-2', '2021-10-13 14:30:24', '2021-10-13 16:45:19', 3),
(228, 54, 'RU-7', '2021-10-13 14:32:11', '2021-10-13 14:32:20', 6),
(229, 85, 'RU-2', '2021-10-13 16:45:24', '2021-10-13 20:29:12', 3),
(230, 54, 'RU-7', '2021-10-13 18:28:43', '2021-10-13 18:29:58', 6),
(231, 57, 'RU-10', '2021-10-13 18:46:06', '2021-10-13 19:34:33', 6),
(232, 85, 'RU-2', '2021-10-13 20:29:14', '2021-10-13 21:04:54', 3),
(233, 66, 'Autres', '2021-10-14 09:39:35', '2021-10-14 10:35:09', 6),
(234, 56, 'RU-9', '2021-10-14 10:35:16', '2021-10-14 11:38:31', 6),
(235, 56, 'RU-9', '2021-10-14 11:38:34', '2021-10-14 12:25:00', 6),
(236, 54, 'RU-7', '2021-10-14 12:25:12', '2021-10-14 13:41:07', 6),
(237, 56, 'RU-9', '2021-10-14 13:41:13', '2021-10-14 13:44:26', 6),
(238, 54, 'RU-7', '2021-10-14 13:44:46', '2021-10-14 14:21:50', 6),
(239, 48, 'RU-1', '2021-10-14 14:29:21', '2021-10-14 15:47:49', 7),
(240, 54, 'RU-7', '2021-10-14 14:37:28', '2021-10-14 15:05:31', 6),
(241, 48, 'RU-1', '2021-10-14 16:00:06', '2021-10-14 17:08:33', 7),
(242, 85, 'RU-2', '2021-10-14 19:53:52', '2021-10-14 19:53:57', 3),
(243, 85, 'RU-2', '2021-10-14 19:53:59', '2021-10-14 20:51:15', 3),
(244, 85, 'RU-2', '2021-10-14 20:51:16', '2021-10-15 09:56:23', 3),
(245, 84, 'RU-1', '2021-10-15 08:21:35', '2021-10-15 11:06:22', 1),
(246, 38, 'RU-3', '2021-10-15 09:20:15', '2021-10-15 10:00:07', 9),
(247, 54, 'RU-7', '2021-10-15 09:41:27', '2021-10-15 10:13:20', 6),
(248, 85, 'RU-2', '2021-10-15 09:56:27', '2021-10-15 09:56:38', 3),
(249, 84, 'RU-1', '2021-10-15 09:56:38', '2021-10-15 09:56:44', 3),
(250, 85, 'RU-2', '2021-10-15 09:56:45', '2021-10-15 10:22:14', 3),
(251, 57, 'RU-10', '2021-10-15 10:22:11', '2021-10-15 11:11:47', 6),
(252, 86, 'RU-3', '2021-10-15 10:22:17', '2021-10-15 11:06:09', 3),
(253, 107, 'Réu', '2021-10-15 11:06:11', '2021-10-15 13:39:13', 3),
(254, 107, 'Réu', '2021-10-15 11:06:23', '2021-10-15 11:59:06', 1),
(255, 57, 'RU-10', '2021-10-15 11:11:50', '2021-10-15 12:04:57', 6),
(256, 84, 'RU-1', '2021-10-15 11:59:07', '2021-10-15 12:57:24', 1),
(257, 65, 'Réu', '2021-10-15 12:10:19', '2021-10-18 16:46:54', 8),
(258, 65, 'Réu', '2021-10-15 12:10:56', '2021-10-15 12:24:42', 6),
(259, 65, 'Réu', '2021-10-15 12:11:52', '2021-10-15 16:48:33', 7),
(260, 84, 'RU-1', '2021-10-15 12:57:25', '2021-10-15 15:12:07', 1),
(261, 38, 'RU-3', '2021-10-15 13:03:04', '2021-10-15 13:35:14', 9),
(262, 85, 'RU-2', '2021-10-15 13:39:14', '2021-10-15 13:39:17', 3),
(263, 85, 'RU-2', '2021-10-15 13:39:18', '2021-10-15 15:07:20', 3),
(264, 48, 'RU-1', '2021-10-15 16:48:36', '2021-10-15 16:57:41', 7),
(265, 49, 'RU-2', '2021-10-15 16:57:44', '2021-10-15 18:58:33', 7),
(266, 49, 'RU-2', '2021-10-15 18:58:39', '2021-10-15 20:07:14', 7),
(267, 49, 'RU-2', '2021-10-16 14:08:08', '2021-10-16 15:13:23', 7),
(268, 112, 'R', '2021-10-16 15:13:29', '2021-10-16 15:44:00', 7),
(269, 57, 'RU-10', '2021-10-16 15:14:19', '2021-10-16 15:36:33', 6),
(270, 54, 'RU-7', '2021-10-16 15:36:59', '2021-10-16 16:07:00', 6),
(271, 54, 'RU-7', '2021-10-16 16:07:03', '2021-10-16 16:20:25', 6),
(272, 56, 'RU-9', '2021-10-16 17:56:26', '2021-10-16 17:56:32', 6),
(273, 56, 'RU-9', '2021-10-16 17:56:33', '2021-10-16 18:22:43', 6),
(274, 56, 'RU-9', '2021-10-16 18:22:44', '2021-10-16 18:38:28', 6),
(275, 56, 'RU-9', '2021-10-16 18:38:29', '2021-10-16 18:59:45', 6),
(276, 63, 'Autres', '2021-10-17 13:02:32', '2021-10-17 14:04:42', 4),
(277, 111, 'R', '2021-10-17 14:04:46', '2021-10-17 14:28:14', 4),
(278, 63, 'Autres', '2021-10-18 12:15:22', '2021-10-18 12:37:58', 4),
(279, 63, 'Autres', '2021-10-18 12:41:13', '2021-10-18 18:10:52', 4),
(280, 43, 'RU-8', '2021-10-18 14:29:26', '2021-10-18 16:25:44', 5),
(281, 43, 'RU-8', '2021-10-18 16:25:48', '2021-10-18 16:59:20', 5),
(282, 86, 'RU-3', '2021-10-18 16:39:18', '2021-10-18 16:39:23', 3),
(283, 86, 'RU-3', '2021-10-18 16:39:25', '2021-10-18 17:52:24', 3),
(284, 65, 'Réu', '2021-10-18 16:42:45', '2021-10-18 16:47:30', 6),
(285, 49, 'RU-2', '2021-10-18 16:46:25', '2021-10-18 16:47:17', 7),
(286, 65, 'Réu', '2021-10-18 16:47:20', '2021-10-18 17:44:36', 7),
(287, 65, 'Réu', '2021-10-18 16:47:20', '2021-10-18 16:47:23', 8),
(288, 66, 'Autres', '2021-10-18 16:47:25', '2021-10-18 16:47:34', 8),
(289, 65, 'Réu', '2021-10-18 16:47:31', '2021-10-18 18:00:08', 6),
(290, 65, 'Réu', '2021-10-18 16:47:36', '2021-10-18 17:43:32', 8),
(291, 43, 'RU-8', '2021-10-18 16:59:21', '2021-10-18 17:06:53', 5),
(292, 66, 'Autres', '2021-10-18 17:43:38', '2021-10-18 20:16:15', 8),
(293, 49, 'RU-2', '2021-10-18 17:44:43', '2021-10-18 18:00:22', 7),
(294, 66, 'Autres', '2021-10-18 18:00:11', '2021-10-18 18:52:49', 6),
(295, 51, 'RU-4', '2021-10-18 18:00:29', '2021-10-18 18:28:07', 7),
(296, 63, 'Autres', '2021-10-18 18:10:59', '2021-10-18 19:38:09', 4),
(297, 57, 'RU-10', '2021-10-18 18:53:26', '2021-10-18 19:28:11', 6),
(298, 57, 'RU-10', '2021-10-18 19:28:12', '2021-10-18 19:37:01', 6),
(299, 66, 'Autres', '2021-10-18 20:16:18', '2021-10-18 22:28:00', 8),
(300, 43, 'RU-8', '2021-10-18 20:45:33', '2021-10-18 21:57:43', 5),
(301, 113, 'RU-12', '2021-10-18 22:28:04', '2021-10-18 22:48:43', 8),
(302, 63, 'Autres', '2021-10-19 08:56:11', '2021-10-19 09:26:52', 4),
(303, 63, 'Autres', '2021-10-19 10:18:11', '2021-10-19 10:40:19', 9),
(304, 84, 'RU-1', '2021-10-19 15:12:12', '2021-10-19 17:01:39', 1),
(305, 54, 'RU-7', '2021-10-19 16:16:12', '2021-10-19 16:19:42', 6),
(306, 56, 'RU-9', '2021-10-19 16:19:52', '2021-10-19 17:08:24', 6),
(307, 88, 'RU-5', '2021-10-19 17:01:43', '2021-10-19 18:46:14', 1),
(308, 54, 'RU-7', '2021-10-19 17:08:29', '2021-10-19 17:24:52', 6),
(309, 54, 'RU-7', '2021-10-19 17:24:54', '2021-10-19 19:23:07', 6),
(310, 51, 'RU-4', '2021-10-19 17:47:08', '2021-10-19 22:03:28', 7),
(311, 63, 'Autres', '2021-10-19 21:03:50', '2021-10-19 22:05:55', 9),
(312, 51, 'RU-4', '2021-10-19 22:03:37', '2021-10-19 22:41:51', 7),
(313, 48, 'RU-1', '2021-10-19 22:41:58', '2021-10-19 22:42:46', 7),
(314, 63, 'Autres', '2021-10-20 06:58:33', '2021-10-20 06:59:22', 4),
(315, 63, 'Autres', '2021-10-20 06:59:24', '2021-10-20 07:58:02', 4),
(316, 62, 'Réu', '2021-10-20 07:58:04', '2021-10-20 08:41:43', 4),
(317, 41, 'RU-6', '2021-10-20 07:58:12', '2021-10-20 07:58:17', 5),
(318, 62, 'Réu', '2021-10-20 07:58:20', '2021-10-20 08:38:23', 5),
(319, 62, 'Réu', '2021-10-20 07:58:21', '2021-10-20 08:33:10', 9),
(320, 63, 'Autres', '2021-10-20 08:41:44', '2021-10-21 07:05:19', 4),
(321, 44, 'RU-9', '2021-10-20 12:28:39', '2021-10-20 13:57:23', 5),
(322, 107, 'Réu', '2021-10-20 18:34:45', '2021-10-20 20:19:49', 1),
(323, 107, 'Réu', '2021-10-20 18:58:05', '2021-10-20 21:21:46', 3),
(324, 54, 'RU-7', '2021-10-20 19:16:59', '2021-10-20 20:19:15', 6),
(325, 38, 'RU-3', '2021-10-20 19:43:03', '2021-10-20 21:02:28', 9),
(326, 57, 'RU-10', '2021-10-20 20:19:26', '2021-10-20 21:26:59', 6),
(327, 48, 'RU-1', '2021-10-20 21:04:14', '2021-10-20 22:33:16', 7),
(328, 66, 'Autres', '2021-10-20 22:29:42', '2021-10-20 22:29:45', 8),
(329, 66, 'Autres', '2021-10-20 22:29:49', '2021-10-21 10:00:09', 8),
(330, 49, 'RU-2', '2021-10-20 22:33:19', '2021-10-21 09:50:51', 7),
(331, 63, 'Autres', '2021-10-21 07:05:21', '2021-10-21 08:13:24', 4),
(332, 63, 'Autres', '2021-10-21 08:13:29', '2021-10-21 08:19:59', 4),
(333, 63, 'Autres', '2021-10-21 09:21:05', '2021-10-21 14:01:43', 9),
(334, 117, 'RU-16', '2021-10-21 10:00:23', '2021-10-21 10:00:59', 8),
(335, 66, 'Autres', '2021-10-21 10:01:15', '2021-10-21 10:15:34', 8),
(336, 51, 'RU-4', '2021-10-21 10:16:19', '2021-10-21 10:26:45', 7),
(337, 52, 'RU-5', '2021-10-21 10:28:21', '2021-10-21 10:36:42', 7),
(338, 51, 'RU-4', '2021-10-21 10:36:44', '2021-10-21 17:37:52', 7),
(339, 88, 'RU-5', '2021-10-21 11:07:00', '2021-10-21 14:34:00', 1),
(340, 111, 'R', '2021-10-21 12:22:34', '2021-10-21 12:22:42', 4),
(341, 63, 'Autres', '2021-10-21 12:22:45', '2021-10-21 12:31:05', 4),
(342, 63, 'Autres', '2021-10-21 12:37:49', '2021-10-21 12:52:07', 4),
(343, 111, 'R', '2021-10-21 12:52:08', '2021-10-21 14:36:00', 4),
(344, 63, 'Autres', '2021-10-21 13:14:54', '2021-10-21 20:10:15', 5),
(345, 63, 'Autres', '2021-10-21 14:01:49', '2021-10-21 16:37:54', 9),
(346, 64, 'Bld', '2021-10-21 14:36:04', '2021-10-21 15:23:26', 4),
(347, 86, 'RU-3', '2021-10-21 14:59:03', '2021-10-21 14:59:07', 3),
(348, 86, 'RU-3', '2021-10-21 14:59:10', '2021-10-21 15:43:46', 3),
(349, 62, 'Réu', '2021-10-21 15:23:28', '2021-10-22 08:25:41', 4),
(350, 92, 'RU-9', '2021-10-21 15:44:18', '2021-10-21 16:52:17', 3),
(351, 114, 'RU-13', '2021-10-21 15:55:00', '2021-10-21 17:31:04', 8),
(352, 63, 'Autres', '2021-10-21 16:38:48', '2021-10-21 17:00:07', 9),
(353, 92, 'RU-9', '2021-10-21 16:52:20', '2021-10-21 22:56:37', 3),
(354, 65, 'Réu', '2021-10-21 17:38:45', '2021-10-21 18:02:13', 8),
(355, 49, 'RU-2', '2021-10-21 17:50:39', '2021-10-21 18:04:37', 7),
(356, 65, 'Réu', '2021-10-21 18:02:17', '2021-10-21 18:23:10', 8),
(357, 65, 'Réu', '2021-10-21 18:04:41', '2021-10-21 20:07:36', 7),
(358, 65, 'Réu', '2021-10-21 18:05:22', '2021-10-21 18:28:24', 6),
(359, 66, 'Autres', '2021-10-21 18:23:17', '2021-10-21 18:52:15', 8),
(360, 65, 'Réu', '2021-10-21 18:28:28', '2021-10-21 18:45:50', 6),
(361, 54, 'RU-7', '2021-10-21 18:45:54', '2021-10-21 20:19:33', 6),
(362, 65, 'Réu', '2021-10-21 18:52:17', '2021-10-21 20:30:50', 8),
(363, 50, 'RU-3', '2021-10-21 20:07:52', '2021-10-21 21:49:48', 7),
(364, 63, 'Autres', '2021-10-21 20:10:19', '2021-10-21 20:12:52', 5),
(365, 54, 'RU-7', '2021-10-21 20:19:34', '2021-10-21 20:30:31', 6),
(366, 116, 'RU-15', '2021-10-21 20:30:56', '2021-10-21 21:17:25', 8),
(367, 56, 'RU-9', '2021-10-21 20:34:08', '2021-10-21 21:03:54', 6),
(368, 92, 'RU-9', '2021-10-21 20:37:22', '2021-10-21 21:02:43', 3),
(369, 63, 'Autres', '2021-10-21 20:45:38', '2021-10-21 21:20:48', 5),
(370, 92, 'RU-9', '2021-10-21 21:02:46', '2021-10-22 13:09:46', 3),
(371, 56, 'RU-9', '2021-10-21 21:03:58', '2021-10-21 21:34:51', 6),
(372, 117, 'RU-16', '2021-10-21 21:17:37', '2021-10-21 21:51:32', 8),
(373, 57, 'RU-10', '2021-10-21 21:34:56', '2021-10-21 21:38:24', 6),
(374, 54, 'RU-7', '2021-10-21 21:38:41', '2021-10-21 21:58:19', 6),
(375, 51, 'RU-4', '2021-10-21 21:49:55', '2021-10-21 23:04:57', 7),
(376, 115, 'RU-14', '2021-10-21 21:51:39', '2021-10-21 22:30:36', 8),
(377, 118, 'RU-17', '2021-10-21 22:30:39', '2021-10-21 23:05:28', 8),
(378, 84, 'RU-1', '2021-10-22 07:54:05', '2021-10-22 12:37:03', 1),
(379, 63, 'Autres', '2021-10-22 08:25:43', '2021-10-22 10:42:58', 4),
(380, 54, 'RU-7', '2021-10-22 09:17:33', '2021-10-22 12:38:23', 6),
(381, 62, 'Réu', '2021-10-22 10:42:45', '2021-10-22 11:18:34', 9),
(382, 62, 'Réu', '2021-10-22 10:42:59', '2021-10-22 13:32:37', 4),
(383, 64, 'Bld', '2021-10-22 10:43:00', '2021-10-22 18:20:28', 5),
(384, 63, 'Autres', '2021-10-22 11:18:38', '2021-10-22 12:26:41', 9),
(385, 119, 'RU-18', '2021-10-22 11:25:23', '2021-10-22 11:50:30', 8),
(386, 65, 'Réu', '2021-10-22 11:50:33', '2021-10-22 13:08:16', 8),
(387, 51, 'RU-4', '2021-10-22 11:50:56', '2021-10-22 14:49:39', 7),
(388, 84, 'RU-1', '2021-10-22 12:37:14', '2021-10-22 15:58:53', 1),
(389, 54, 'RU-7', '2021-10-22 12:38:25', '2021-10-22 12:59:24', 6),
(390, 54, 'RU-7', '2021-10-22 13:08:55', '2021-10-22 13:28:58', 6),
(391, 92, 'RU-9', '2021-10-22 13:13:30', '2021-10-22 13:13:47', 3),
(392, 92, 'RU-9', '2021-10-22 13:13:49', '2021-10-22 15:55:29', 3),
(393, 119, 'RU-18', '2021-10-22 13:16:37', '2021-10-22 14:47:49', 8),
(394, 54, 'RU-7', '2021-10-22 13:28:59', '2021-10-22 13:49:13', 6),
(395, 63, 'Autres', '2021-10-22 13:32:44', '2021-10-22 15:34:13', 4),
(396, 54, 'RU-7', '2021-10-22 13:49:14', '2021-10-22 14:09:26', 6),
(397, 54, 'RU-7', '2021-10-22 14:09:27', '2021-10-22 15:03:59', 6),
(398, 119, 'RU-18', '2021-10-22 14:48:21', '2021-10-22 15:17:21', 8),
(399, 51, 'RU-4', '2021-10-22 14:49:42', '2021-10-22 15:17:27', 7),
(400, 54, 'RU-7', '2021-10-22 15:03:59', '2021-10-22 15:18:04', 6),
(401, 65, 'Réu', '2021-10-22 15:17:25', '2021-10-22 15:57:43', 8),
(402, 65, 'Réu', '2021-10-22 15:17:29', '2021-10-22 15:56:52', 7),
(403, 65, 'Réu', '2021-10-22 15:18:06', '2021-10-22 15:49:49', 6),
(404, 64, 'Bld', '2021-10-22 15:34:18', '2021-10-22 16:08:59', 4),
(405, 54, 'RU-7', '2021-10-22 15:49:49', '2021-10-22 16:12:45', 6),
(406, 107, 'Réu', '2021-10-22 15:55:32', '2021-10-22 18:33:57', 3),
(407, 51, 'RU-4', '2021-10-22 15:56:55', '2021-10-22 17:15:35', 7),
(408, 51, 'RU-4', '2021-10-22 15:57:46', '2021-10-22 20:49:53', 8),
(409, 107, 'Réu', '2021-10-22 15:58:54', '2021-10-22 18:31:52', 1),
(410, 54, 'RU-7', '2021-10-22 16:12:48', '2021-10-22 17:14:53', 6),
(411, 54, 'RU-7', '2021-10-22 17:14:54', '2021-10-22 18:29:34', 6),
(412, 51, 'RU-4', '2021-10-22 17:15:36', '2021-10-22 21:31:17', 7),
(413, 56, 'RU-9', '2021-10-22 18:29:39', '2021-10-22 18:37:59', 6),
(414, 56, 'RU-9', '2021-10-22 19:13:41', '2021-10-22 19:46:26', 6),
(415, 66, 'Autres', '2021-10-22 20:49:57', '2021-10-22 23:42:02', 8),
(416, 66, 'Autres', '2021-10-22 20:50:09', '2021-10-22 21:14:01', 6),
(417, 56, 'RU-9', '2021-10-22 21:14:03', '2021-10-22 21:40:01', 6),
(418, 53, 'RU-6', '2021-10-22 21:31:20', '2021-10-22 22:25:14', 7),
(419, 56, 'RU-9', '2021-10-22 21:40:03', '2021-10-22 21:40:15', 6),
(420, 51, 'RU-4', '2021-10-22 22:25:24', '2021-10-22 23:15:59', 7),
(421, 66, 'Autres', '2021-10-22 23:16:03', '2021-10-22 23:41:29', 7),
(422, 62, 'Réu', '2021-10-25 10:50:33', '2021-10-25 11:27:07', 4),
(423, 62, 'Réu', '2021-10-25 10:50:35', '2021-10-25 11:27:29', 5),
(424, 62, 'Réu', '2021-10-25 10:51:09', '2021-10-25 11:24:45', 9),
(425, 65, 'Réu', '2021-10-25 17:21:39', '2021-10-25 17:32:05', 7),
(426, 65, 'Réu', '2021-10-25 17:21:53', '2021-10-25 17:31:25', 6),
(427, 65, 'Réu', '2021-10-25 17:24:19', '2021-10-26 21:36:28', 8),
(428, 63, 'Autres', '2021-10-25 18:02:12', '2021-10-25 19:23:55', 9),
(429, 63, 'Autres', '2021-10-26 14:27:42', '2021-10-27 07:42:52', 4),
(430, 107, 'Réu', '2021-10-26 14:38:17', '2021-10-26 14:56:44', 3),
(431, 63, 'Autres', '2021-10-26 14:40:25', '2021-10-26 15:17:11', 9),
(432, 111, 'R', '2021-10-26 15:17:51', '2021-10-26 16:20:11', 9),
(433, 66, 'Autres', '2021-10-26 21:38:24', '2021-10-26 22:26:08', 8),
(434, 66, 'Autres', '2021-10-26 22:26:11', '2021-10-26 23:02:53', 8),
(435, 63, 'Autres', '2021-10-27 07:42:53', '2021-10-28 06:51:09', 4),
(436, 62, 'Réu', '2021-10-27 11:43:29', '2021-10-27 12:47:03', 4),
(437, 62, 'Réu', '2021-10-27 11:45:31', '2021-10-27 12:51:52', 9),
(438, 62, 'Réu', '2021-10-27 11:57:45', '2021-10-27 12:47:13', 5),
(439, 111, 'R', '2021-10-27 12:51:54', '2021-10-27 14:02:00', 9),
(440, 63, 'Autres', '2021-10-27 13:20:59', '2021-10-27 14:19:20', 4),
(441, 63, 'Autres', '2021-10-27 14:02:09', '2021-10-27 14:20:03', 9),
(442, 63, 'Autres', '2021-10-28 06:51:11', '2021-10-28 07:56:18', 4),
(443, 63, 'Autres', '2021-10-28 07:56:20', '2021-10-28 16:41:13', 4),
(444, 63, 'Autres', '2021-10-28 10:01:28', '2021-10-28 11:10:46', 9),
(445, 63, 'Autres', '2021-10-28 13:36:35', '2021-10-28 15:58:25', 4),
(446, 63, 'Autres', '2021-10-28 14:10:21', '2021-10-28 16:40:52', 5),
(447, 92, 'RU-9', '2021-10-28 14:33:51', '2021-10-28 17:12:22', 3),
(448, 57, 'RU-10', '2021-10-28 15:17:26', '2021-10-28 16:02:40', 6),
(449, 63, 'Autres', '2021-10-28 15:25:44', '2021-10-28 16:36:16', 9),
(450, 65, 'Réu', '2021-10-28 16:03:34', '2021-10-28 17:29:05', 6),
(451, 65, 'Réu', '2021-10-28 16:05:11', '2021-10-28 16:13:30', 8),
(452, 65, 'Réu', '2021-10-28 16:09:53', '2021-10-28 16:13:30', 7),
(453, 63, 'Autres', '2021-10-28 16:40:54', '2021-10-28 17:50:00', 5),
(454, 63, 'Autres', '2021-10-28 16:41:21', '2021-10-28 17:33:06', 4),
(455, 57, 'RU-10', '2021-10-28 17:29:10', '2021-10-28 17:45:24', 6),
(456, 57, 'RU-10', '2021-10-28 17:45:26', '2021-10-28 17:47:26', 6),
(457, 54, 'RU-7', '2021-10-28 18:17:10', '2021-10-28 19:29:20', 6),
(458, 62, 'Réu', '2021-10-29 10:21:26', '2021-10-29 10:50:46', 5),
(459, 62, 'Réu', '2021-10-29 10:23:24', '2021-10-29 10:52:30', 9),
(460, 62, 'Réu', '2021-10-29 10:23:44', '2021-10-29 10:52:12', 4),
(461, 37, 'RU-2', '2021-10-29 11:00:22', '2021-10-29 11:34:21', 9),
(462, 36, 'RU-1', '2021-10-29 11:34:24', '2021-10-29 13:05:20', 9),
(463, 63, 'Autres', '2021-10-29 12:57:37', '2021-10-29 14:18:11', 4),
(464, 63, 'Autres', '2021-10-29 13:08:56', '2021-10-29 14:09:33', 9),
(465, 65, 'Réu', '2021-10-29 13:29:19', '2021-11-01 16:51:36', 8),
(466, 62, 'Réu', '2021-10-29 14:18:13', '2021-10-29 15:14:44', 4),
(467, 107, 'Réu', '2021-10-29 16:09:13', '2021-10-29 16:15:48', 3),
(468, 108, 'Autres', '2021-10-29 16:42:13', '2021-10-29 17:47:21', 3),
(469, 85, 'RU-2', '2021-10-30 14:35:36', '2021-10-30 18:26:19', 3),
(470, 55, 'RU-8', '2021-10-31 11:24:31', '2021-10-31 12:11:59', 6),
(471, 54, 'RU-7', '2021-10-31 12:12:02', '2021-10-31 12:34:38', 6),
(472, 54, 'RU-7', '2021-10-31 12:34:40', '2021-10-31 12:53:33', 6),
(473, 54, 'RU-7', '2021-10-31 12:53:35', '2021-10-31 13:13:09', 6),
(474, 54, 'RU-7', '2021-10-31 13:13:11', '2021-10-31 13:52:44', 6),
(475, 48, 'RU-1', '2021-10-31 13:23:54', '2021-10-31 13:39:49', 7),
(476, 53, 'RU-6', '2021-10-31 13:39:53', '2021-10-31 17:08:55', 7),
(477, 54, 'RU-7', '2021-10-31 13:52:46', '2021-10-31 14:24:38', 6),
(478, 63, 'Autres', '2021-10-31 14:24:23', '2021-10-31 16:19:00', 5),
(479, 54, 'RU-7', '2021-10-31 14:24:39', '2021-10-31 14:47:01', 6),
(480, 63, 'Autres', '2021-10-31 16:19:01', '2021-10-31 16:19:20', 5),
(481, 63, 'Autres', '2021-10-31 16:19:21', '2021-10-31 16:40:01', 5),
(482, 53, 'RU-6', '2021-10-31 17:08:57', '2021-10-31 17:32:21', 7),
(483, 111, 'R', '2021-11-01 15:14:30', '2021-11-01 15:43:55', 9),
(484, 62, 'Réu', '2021-11-01 15:44:10', '2021-11-01 17:15:32', 9),
(485, 65, 'Réu', '2021-11-01 16:41:54', '2021-11-01 17:33:52', 6),
(486, 65, 'Réu', '2021-11-01 16:45:28', '2021-11-03 20:32:29', 7),
(487, 65, 'Réu', '2021-11-01 16:51:39', '2021-11-01 17:27:37', 8),
(488, 66, 'Autres', '2021-11-01 17:34:07', '2021-11-01 17:37:13', 6),
(489, 92, 'RU-9', '2021-11-01 18:58:07', '2021-11-01 21:21:02', 3),
(490, 92, 'RU-9', '2021-11-01 21:21:06', '2021-11-01 23:18:07', 3),
(491, 111, 'R', '2021-11-01 22:54:00', '2021-11-01 23:56:03', 9),
(492, 63, 'Autres', '2021-11-02 09:11:07', '2021-11-02 09:59:04', 4),
(493, 92, 'RU-9', '2021-11-02 19:55:21', '2021-11-02 20:54:38', 3),
(494, 66, 'Autres', '2021-11-02 19:55:36', '2021-11-02 21:50:27', 8),
(495, 63, 'Autres', '2021-11-02 21:43:59', '2021-11-02 21:44:19', 5),
(496, 111, 'R', '2021-11-02 21:44:20', '2021-11-02 22:05:01', 5),
(497, 63, 'Autres', '2021-11-02 22:05:04', '2021-11-02 22:36:49', 5),
(498, 111, 'R', '2021-11-02 23:29:33', '2021-11-03 00:24:59', 9),
(499, 63, 'Autres', '2021-11-03 07:07:28', '2021-11-04 07:47:06', 4),
(500, 63, 'Autres', '2021-11-03 11:47:48', '2021-11-03 12:15:01', 9),
(501, 63, 'Autres', '2021-11-03 12:11:02', '2021-11-03 12:15:19', 4),
(502, 62, 'Réu', '2021-11-03 12:15:03', '2021-11-03 12:28:57', 9),
(503, 62, 'Réu', '2021-11-03 12:15:20', '2021-11-03 12:29:13', 4),
(504, 62, 'Réu', '2021-11-03 12:28:33', '2021-11-03 12:56:10', 5),
(505, 63, 'Autres', '2021-11-03 12:28:59', '2021-11-03 14:30:27', 9),
(506, 63, 'Autres', '2021-11-03 12:29:15', '2021-11-03 13:36:19', 4),
(507, 63, 'Autres', '2021-11-03 13:37:50', '2021-11-03 14:26:19', 4),
(508, 54, 'RU-7', '2021-11-03 19:26:09', '2021-11-03 20:00:27', 6),
(509, 57, 'RU-10', '2021-11-03 20:00:33', '2021-11-03 21:36:35', 6),
(510, 66, 'Autres', '2021-11-03 20:11:47', '2021-11-04 00:05:37', 8),
(511, 48, 'RU-1', '2021-11-03 20:33:09', '2021-11-03 23:13:39', 7),
(512, 57, 'RU-10', '2021-11-03 21:36:45', '2021-11-03 21:55:59', 6),
(513, 63, 'Autres', '2021-11-03 22:24:59', '2021-11-03 23:47:35', 9),
(514, 63, 'Autres', '2021-11-04 07:47:09', '2021-11-04 13:17:22', 4),
(515, 63, 'Autres', '2021-11-04 10:22:03', '2021-11-04 12:24:39', 9),
(516, 63, 'Autres', '2021-11-04 13:17:24', NULL, 4),
(517, 105, 'RU-22', '2021-11-12 13:05:45', '2021-11-12 13:06:24', 1),
(518, 91, 'RU-8', '2021-11-12 13:06:53', '2021-11-12 13:07:01', 1),
(519, 104, 'RU-21', '2021-11-12 13:07:04', NULL, 1);

-- --------------------------------------------------------

--
-- Structure de la table `taches`
--

DROP TABLE IF EXISTS `taches`;
CREATE TABLE IF NOT EXISTS `taches` (
  `Id` int(11) NOT NULL AUTO_INCREMENT,
  `Numero` varchar(12) CHARACTER SET utf8 DEFAULT NULL,
  `Titre` varchar(35) CHARACTER SET utf8 DEFAULT NULL,
  `Description` varchar(300) DEFAULT NULL,
  `Statut` varchar(20) DEFAULT NULL,
  `ProjetAssigne_Id` int(11) DEFAULT NULL,
  `DateDebut` datetime DEFAULT NULL,
  `DerniereModif` datetime DEFAULT NULL,
  PRIMARY KEY (`Id`),
  UNIQUE KEY `Id` (`Id`),
  KEY `ProjetConcerne_Id` (`ProjetAssigne_Id`)
) ENGINE=MyISAM AUTO_INCREMENT=120 DEFAULT CHARSET=latin1;

--
-- Déchargement des données de la table `taches`
--

INSERT INTO `taches` (`Id`, `Numero`, `Titre`, `Description`, `Statut`, `ProjetAssigne_Id`, `DateDebut`, `DerniereModif`) VALUES
(105, 'RU-22', 'Eleve transfère cartes échouées', 'En tant qu’élève, je veux pouvoir transférer automatiquement dans mon paquet de carte personnel les questions échouées des évaluations/formatifs.', 'en attente', 1, NULL, NULL),
(104, 'RU-21', 'Eleve révision', 'En tant qu’élève, je veux pouvoir faire des révisions personnalisées. ', 'en attente', 1, NULL, NULL),
(103, 'RU-20', 'Eleve divise cartes en paquet', 'En tant que qu’élève, je veux pouvoir diviser mes cartes en paquet de carte pour une meilleure organisation.', 'en attente', 1, NULL, NULL),
(102, 'RU-19', 'Eleve créer plusieurs types de cart', 'En tant qu’élève, je veux avoir accès à plusieurs types de cartes(révision de la matière) lors de la création pour me permettre de créer des questions sur des sujets divers.', 'en attente', 1, NULL, NULL),
(101, 'RU-18', 'Prof veut correction auto', 'En tant que professeur, je veux que les questions simples soient corrigées automatiquement.', 'en attente', 1, NULL, NULL),
(100, 'RU-17', 'Prof commente correction', 'En tant que professeur, je veux pouvoir ajouter des commentaires lors de la correction des évaluations.', 'en attente', 1, NULL, NULL),
(99, 'RU-16', 'Eleve consulte calendrier', 'En tant qu’élève, je veux pouvoir consulter un calendrier.', 'en attente', 1, NULL, NULL),
(98, 'RU-15', 'Prof modifie calendrier', 'En tant que professeur, je veux pouvoir modifier des événements dans un calendrier.', 'en attente', 1, NULL, NULL),
(97, 'RU-14', 'Élève accède stats perso', 'En tant qu’élève, je veux avoir accès à mes statistiques personnelles.', 'en attente', 1, NULL, NULL),
(96, 'RU-13', 'Prof accède stats élèves', 'En tant que professeur, je veux avoir accès aux statistiques des résultats de mes élèves.', 'en attente', 1, NULL, NULL),
(95, 'RU-12', 'Élève révise cartes chouées', 'En tant qu’élève, je veux pouvoir réviser les cartes que j’ai échoué durant les évaluations.', 'en attente', 1, NULL, NULL),
(94, 'RU-11', 'Eleve observe résultats', 'En tant qu’élève, je veux pouvoir observer mes résultats aux évaluations', 'en attente', 1, NULL, NULL),
(93, 'RU-10', 'Prof diustribue éval', 'En tant que professeur, je veux pouvoir distribuer à mes élèves des évaluations', 'en attente', 1, NULL, NULL),
(92, 'RU-9', 'Prof distribue document', 'En tant que professeur, je veux pouvoir distribuer à mes élèves des documents. ', 'en attente', 1, NULL, NULL),
(91, 'RU-8', 'Prof passer quiz', 'En tant que professeur, je veux pouvoir faire des quiz non-évalués (pour m’assurer qu’ils ont bien compris le texte) ', 'en attente', 1, NULL, NULL),
(89, 'RU-6', 'Élève réviser cartes', 'En tant qu’élève, je veux réviser les cartes.', 'en attente', 1, NULL, NULL),
(90, 'RU-7', 'Prof fait passer évaluations', 'En tant que professeur, je veux faire passer à mes étudiants des évaluations et avoir les résultats. ', 'en attente', 1, NULL, NULL),
(88, 'RU-5', 'Prof créer évaluations', 'En tant que professeur, je veux créer des évaluations.', 'en attente', 1, NULL, NULL),
(87, 'RU-4', 'Utilisateur créer carte quiz', 'En tant qu’utilisateur (élève et professeur), je veux pouvoir créer des cartes de quiz. ', 'en attente', 1, NULL, NULL),
(86, 'RU-3', 'Prof supprimer étudiants', 'En tant que professeur, je veux pouvoir supprimer des étudiants à un groupe.', 'en attente', 1, NULL, NULL),
(44, 'RU-9', 'Vendre actions', 'En tant que vendeur, je veux vendre des actions immédiatement ', 'en attente', 2, NULL, NULL),
(43, 'RU-8', 'Acheter actions', 'En tant qu\'acheteur, je veux acheter des actions immédiatement ', 'en attente', 2, NULL, NULL),
(42, 'RU-7', 'Retirer fonds', 'En tant qu\'Utilisateur Vendeur je veux pouvoir retirer des fonds de mon compte. ', 'en attente', 2, NULL, NULL),
(41, 'RU-6', 'Ajouter fonds ', 'En tant qu\'Utilisateur Acheteur je veux pouvoir ajouter des fonds à mon compte. ', 'en attente', 2, NULL, NULL),
(40, 'RU-5', 'Admin active néo utilisateur', 'En tant qu\'Administrateur, je veux pouvoir activer un nouvel utilisateur afin de rendre son compte actif. ', 'en attente', 2, NULL, NULL),
(39, 'RU-4', 'Admin active et desactive compte', 'En tant qu\'administrateur je veux être capable de gérer les compte utilisateurs pour activer ou restreindre un compte.  ', 'en attente', 2, NULL, NULL),
(38, 'RU-3', 'Modifier info compte', 'En tant qu\'utilisateur (any) je veux changer mes informations de compte ', 'en attente', 2, NULL, NULL),
(37, 'RU-2', 'connexion', 'En tant qu\'utilisateur, je veux pouvoir me connecter à mon compte ', 'en attente', 2, NULL, NULL),
(36, 'RU-1', 'Créer un compte', 'En tant qu\'utilisateur je veux pouvoir créer un compte ', 'en attente', 2, NULL, NULL),
(45, 'RU-10', 'Liste actions', 'En tant qu\'utilisateur je veux avoir une liste d\'action mise à jour en temps réel. ', 'en attente', 2, NULL, NULL),
(46, 'RU-11', 'Liste actions possédées', 'En tant qu\'utilisateur je veux voir la liste des actions que je possède ', 'en attente', 2, NULL, NULL),
(47, 'RU-12', 'Liste trx', 'En tant qu\'utilisateur, je veux avoir accès aux transactions que j\'ai fait. ', 'en attente', 2, NULL, NULL),
(48, 'RU-1', 'Propio créer compte', 'En tant que propriétaire, je veux pouvoir me créer un compte.', 'en attente', 3, NULL, NULL),
(49, 'RU-2', 'Proprio connexion', 'En tant que propriétaire, je veux me connecter à mon compte.', 'en attente', 3, NULL, NULL),
(50, 'RU-3', 'Proprio résumé', 'En tant que propriétaire, je veux avoir un résumé des dernières activités me concernant en arrivant sur mon compte.', 'en attente', 3, NULL, NULL),
(51, 'RU-4', 'Proprio ajouter propriétés', 'En tant que propriétaire, je veux pouvoir ajouter mes propriétés à mon compte.', 'en attente', 3, NULL, NULL),
(52, 'RU-5', 'Proprio liste propriétés ', 'En tant que propriétaire, je veux avoir accès à la liste de mes propriétés pour avoir les options distinctes pour chacune.', 'en attente', 3, NULL, NULL),
(53, 'RU-6', 'Proprio choix propriété à gérer', 'En tant que propriétaire, je peux choisir la propriété à gérer', 'en attente', 3, NULL, NULL),
(54, 'RU-7', 'Proprio ajouter locataires', 'En tant que propriétaire, je veux pouvoir ajouter un locataire.', 'en attente', 3, NULL, NULL),
(55, 'RU-8', 'Proprio locataires par propriétés', 'En tant que propriétaire, je veux avoir accès à la liste des locataires pour chacune de mes propriétés.', 'en attente', 3, NULL, NULL),
(56, 'RU-9', 'Proprio taux occupations logements', 'En tant que propriétaire, je veux savoir combien de mes logements sont occupé par des locataires (code couleur & x sur y). ', 'en attente', 3, NULL, NULL),
(57, 'RU-10', 'Proprio accès documents signés', 'En tant que propriétaire, je veux pouvoir ajouter et avoir accès aux documents signés pour chaque locations.', 'en attente', 3, NULL, NULL),
(58, 'RU-11', 'Proprio ajout plan stationnement', 'En tant que propriétaire, je veux pouvoir ajouter le plan et les règlements du stationnement pour chaque propriété.', 'en attente', 3, NULL, NULL),
(85, 'RU-2', 'Prof ajouter étudiants', 'En tant que professeur, je veux pouvoir ajouter des étudiants à un groupe. ', 'en attente', 1, NULL, NULL),
(62, 'Réu', 'Réunions', 'Réunions', 'en attente', 2, NULL, NULL),
(63, 'Autres', 'Autres tâches', 'Autres tâches', 'en attente', 2, NULL, NULL),
(64, 'Bld', 'Build tests livraison', 'Build tests livraison', 'en attente', 2, NULL, NULL),
(65, 'Réu', 'Réunions', 'Réunions', 'en attente', 3, NULL, NULL),
(66, 'Autres', 'Autres tâches', 'Autres tâches', 'en attente', 3, NULL, NULL),
(67, 'Bld', 'Build tests livraison', 'Build tests livraison', 'en attente', 3, NULL, NULL),
(68, '3D4-1', 'jourvie- part 2', 'Développement du component journal', 'en attente', 4, NULL, NULL),
(69, '3D4-2', 'jourvie- part 3', 'Injection de Service et communication http', 'en attente', 4, NULL, NULL),
(70, '3D4-3', 'jourvie- part 3', 'Développement PHP pour service de données', 'en attente', 4, NULL, NULL),
(71, '3D4-4', 'jourvie- part 4', 'Mise en production de jourvie', 'en attente', 4, NULL, NULL),
(72, '3D4-4', 'Préparer TP2', 'préparer énoncé et une application démo ', 'en attente', 4, NULL, NULL),
(73, '3D4-4', 'Correction TP1', 'corriger TP1', 'en attente', 4, NULL, NULL),
(74, '5C8-1', 'Contrat v0,5 phase 1', 'Contrat v0,5 phase 1', 'en attente', 4, NULL, NULL),
(75, '5C8-2', 'Contrat v0,5 phase 2', 'Contrat v0,5 phase 2', 'en attente', 4, NULL, NULL),
(76, '5C8-3', 'Contrat v0,5 pondération', 'Contrat v0,5 pondération', 'en attente', 4, NULL, NULL),
(77, '5C8-4', 'Correction coordo 1', 'Correction coordo 1', 'en attente', 4, NULL, NULL),
(78, 'contenu', 'Développement de contenu', 'Développement de contenu', 'en attente', 4, NULL, NULL),
(79, 'corriger', 'Correction', 'Correction', 'en attente', 4, NULL, NULL),
(84, 'RU-1', 'Connexion sur compte', 'En tant qu’utilisateur, je veux pouvoir me connecter sur mon compte selon mon status. ', 'en attente', 1, NULL, NULL),
(83, 'r-d', 'recherche et développement', 'recherche et développement', 'en attente', 4, NULL, NULL),
(106, 'RU-23', 'Eleve mis au défi', 'En tant qu’élève, je veux être mis au défi par un système d’accomplissement pour m’encourager à me dépasser.', 'en attente', 1, NULL, NULL),
(107, 'Réu', 'Réunions', 'Réunions', 'en attente', 1, NULL, NULL),
(108, 'Autres', 'Autres tâches', 'Autres tâches', 'en attente', 1, NULL, NULL),
(109, 'Bld', 'Build tests livraison', 'Build tests livraison', 'en attente', 1, NULL, NULL),
(110, 'R&D', 'recherche et développement', 'toutes tâches d\'exploration, d\'expérimentation de preuve de concept etc.', 'en attente', 1, NULL, NULL),
(111, 'R&D', 'recherche et développement', 'toutes tâches d\'exploration, d\'expérimentation de preuve de concept etc.', 'en attente', 2, NULL, NULL),
(112, 'R&D', 'recherche et développement', 'toutes tâches d\'exploration, d\'expérimentation de preuve de concept etc.', 'en attente', 3, NULL, NULL),
(113, 'RU-12', 'Loc créer compte', 'En tant que locataire, je veux pouvoir avoir créer un compte à l’aide  du « code propriétaire » fourni par mon propriétaire.', 'en attente', 3, NULL, NULL),
(114, 'RU-13', 'Loc connexion', 'En tant que locataire, je veux me connecter à mon compte.', 'en attente', 3, NULL, NULL),
(115, 'RU-14', 'Loc infos dans compte', 'En tant que locataire, je veux que mon compte contienne déjà toutes mes informations. La création de mon compte est la création du mot de passe.', 'en attente', 3, NULL, NULL),
(116, 'RU-15', 'Loc résumé', 'En tant que locataire, je veux avoir un résumé des dernières activités me concernant en arrivant sur mon compte.', 'en attente', 3, NULL, NULL),
(117, 'RU-16', 'Loc accès documents pdf signés', 'En tant que locataire, je veux avoir accès à une version PDF de mon bail et de tous autres document signés, afin de le consulter. ', 'en attente', 3, NULL, NULL),
(118, 'RU-17', 'Loc modifications infos compte', 'En tant que locataire, je veux avoir accès à un formulaire qui me permet d’indiquer mes informations personnelles pour que le propriétaire puisse me joindre en cas de changement.', 'en attente', 3, NULL, NULL),
(119, 'RU-18', 'Loc accès plan stationnement  ', 'En tant que locataire, je veux avoir accès au plan du stationnement de mon immeuble.', 'en attente', 3, NULL, NULL);

-- --------------------------------------------------------

--
-- Structure de la table `__migrationhistory`
--

DROP TABLE IF EXISTS `__migrationhistory`;
CREATE TABLE IF NOT EXISTS `__migrationhistory` (
  `MigrationId` varchar(150) CHARACTER SET utf8 NOT NULL,
  `ContextKey` varchar(300) CHARACTER SET utf8 NOT NULL,
  `Model` longblob NOT NULL,
  `ProductVersion` varchar(32) CHARACTER SET utf8 NOT NULL
) ENGINE=MyISAM DEFAULT CHARSET=latin1;
COMMIT;

/*!40101 SET CHARACTER_SET_CLIENT=@OLD_CHARACTER_SET_CLIENT */;
/*!40101 SET CHARACTER_SET_RESULTS=@OLD_CHARACTER_SET_RESULTS */;
/*!40101 SET COLLATION_CONNECTION=@OLD_COLLATION_CONNECTION */;
