-- phpMyAdmin SQL Dump
-- version 5.1.1
-- https://www.phpmyadmin.net/
--
-- Hôte : 127.0.0.1:3306
-- Généré le : dim. 08 mai 2022 à 18:49
-- Version du serveur : 5.7.36
-- Version de PHP : 7.4.26

SET SQL_MODE = "NO_AUTO_VALUE_ON_ZERO";
START TRANSACTION;
SET time_zone = "+00:00";


/*!40101 SET @OLD_CHARACTER_SET_CLIENT=@@CHARACTER_SET_CLIENT */;
/*!40101 SET @OLD_CHARACTER_SET_RESULTS=@@CHARACTER_SET_RESULTS */;
/*!40101 SET @OLD_COLLATION_CONNECTION=@@COLLATION_CONNECTION */;
/*!40101 SET NAMES utf8mb4 */;

--
-- Base de données : `donneesventes`
--

-- --------------------------------------------------------

--
-- Structure de la table `provinces`
--

DROP TABLE IF EXISTS `provinces`;
CREATE TABLE IF NOT EXISTS `provinces` (
  `nomProvince` varchar(25) NOT NULL,
  `capitale` varchar(15) NOT NULL,
  `superficie` int(11) NOT NULL,
  `population` int(11) NOT NULL,
  PRIMARY KEY (`nomProvince`)
) ENGINE=InnoDB DEFAULT CHARSET=latin1;

--
-- Déchargement des données de la table `provinces`
--

INSERT INTO `provinces` (`nomProvince`, `capitale`, `superficie`, `population`) VALUES
('Alberta', 'Edmonton', 661848, 4067175),
('Colombie Britannique', 'Victoria', 944735, 4648055),
('île-du-Prince-Édouard', 'Charlottetown', 5660, 142907),
('Manitoba', 'Winnipeg', 647797, 1278365),
('Nouveau-Brunswick', 'Fredericton', 72908, 747101),
('Nouvelle-Écosse', 'Halifax', 55284, 923598),
('Ontario', 'Toronto', 1076395, 13448494),
('Québec', 'Québec', 1667441, 8356851),
('Saskatchewan', 'Regina', 651036, 1098352),
('Terre-Neuve-et-Labrador', 'Saint-John', 405212, 519716);

-- --------------------------------------------------------

--
-- Structure de la table `vehicules`
--

DROP TABLE IF EXISTS `vehicules`;
CREATE TABLE IF NOT EXISTS `vehicules` (
  `typeVehicule` varchar(15) NOT NULL,
  PRIMARY KEY (`typeVehicule`)
) ENGINE=InnoDB DEFAULT CHARSET=latin1;

--
-- Déchargement des données de la table `vehicules`
--

INSERT INTO `vehicules` (`typeVehicule`) VALUES
('Autobus'),
('Camions légers'),
('Camions lourds'),
('Voitures');

-- --------------------------------------------------------

--
-- Structure de la table `ventes`
--

DROP TABLE IF EXISTS `ventes`;
CREATE TABLE IF NOT EXISTS `ventes` (
  `Province` varchar(25) NOT NULL,
  `TypeVeh` varchar(15) NOT NULL,
  `Annee` int(11) NOT NULL,
  `NbUnites` int(11) NOT NULL,
  `Mntx1000` int(11) NOT NULL,
  PRIMARY KEY (`Province`,`TypeVeh`,`Annee`),
  UNIQUE KEY `Province` (`Province`,`TypeVeh`,`Annee`),
  KEY `TypeVeh` (`TypeVeh`),
  KEY `Annee` (`Annee`)
) ENGINE=InnoDB DEFAULT CHARSET=latin1;

--
-- Déchargement des données de la table `ventes`
--

INSERT INTO `ventes` (`Province`, `TypeVeh`, `Annee`, `NbUnites`, `Mntx1000`) VALUES
('Alberta', 'Autobus', 2011, 258, 147783),
('Alberta', 'Autobus', 2012, 305, 79888),
('Alberta', 'Autobus', 2013, 299, 57196),
('Alberta', 'Autobus', 2014, 495, 81634),
('Alberta', 'Autobus', 2015, 817, 159888),
('Alberta', 'Autobus', 2016, 672, 96873),
('Alberta', 'Autobus', 2017, 661, 83111),
('Alberta', 'Autobus', 2018, 753, 83320),
('Alberta', 'Autobus', 2019, 570, 128086),
('Alberta', 'Autobus', 2020, 428, 125726),
('Alberta', 'Autobus', 2021, 328, 93488),
('Alberta', 'Camions légers', 2011, 142531, 5411507),
('Alberta', 'Camions légers', 2012, 163459, 6215219),
('Alberta', 'Camions légers', 2013, 179225, 6641206),
('Alberta', 'Camions légers', 2014, 193258, 7705282),
('Alberta', 'Camions légers', 2015, 207329, 8370852),
('Alberta', 'Camions légers', 2016, 183347, 7660909),
('Alberta', 'Camions légers', 2017, 171401, 7499774),
('Alberta', 'Camions légers', 2018, 196410, 8827952),
('Alberta', 'Camions légers', 2019, 191672, 8839854),
('Alberta', 'Camions légers', 2020, 185178, 8695850),
('Alberta', 'Camions légers', 2021, 159730, 7853342),
('Alberta', 'Camions lourds', 2011, 3893, 429013),
('Alberta', 'Camions lourds', 2012, 7299, 779564),
('Alberta', 'Camions lourds', 2013, 8878, 978140),
('Alberta', 'Camions lourds', 2014, 6903, 747671),
('Alberta', 'Camions lourds', 2015, 9153, 1086160),
('Alberta', 'Camions lourds', 2016, 6112, 630117),
('Alberta', 'Camions lourds', 2017, 3856, 456985),
('Alberta', 'Camions lourds', 2018, 5046, 632371),
('Alberta', 'Camions lourds', 2019, 6868, 926493),
('Alberta', 'Camions lourds', 2020, 6091, 786228),
('Alberta', 'Camions lourds', 2021, 3829, 494627),
('Alberta', 'Voitures', 2011, 57855, 1662814),
('Alberta', 'Voitures', 2012, 53084, 1524820),
('Alberta', 'Voitures', 2013, 59383, 1692581),
('Alberta', 'Voitures', 2014, 62568, 1812630),
('Alberta', 'Voitures', 2015, 59892, 1790931),
('Alberta', 'Voitures', 2016, 51845, 1602360),
('Alberta', 'Voitures', 2017, 47733, 1509753),
('Alberta', 'Voitures', 2018, 46604, 1537432),
('Alberta', 'Voitures', 2019, 38150, 1282418),
('Alberta', 'Voitures', 2020, 31272, 1099353),
('Alberta', 'Voitures', 2021, 20473, 762419),
('Colombie Britannique', 'Autobus', 2011, 165, 74184),
('Colombie Britannique', 'Autobus', 2012, 394, 34870),
('Colombie Britannique', 'Autobus', 2013, 570, 57326),
('Colombie Britannique', 'Autobus', 2014, 336, 59665),
('Colombie Britannique', 'Autobus', 2015, 418, 68298),
('Colombie Britannique', 'Autobus', 2016, 305, 66317),
('Colombie Britannique', 'Autobus', 2017, 298, 85245),
('Colombie Britannique', 'Autobus', 2018, 303, 103762),
('Colombie Britannique', 'Autobus', 2019, 364, 176294),
('Colombie Britannique', 'Autobus', 2020, 335, 187441),
('Colombie Britannique', 'Autobus', 2021, 123, 35438),
('Colombie Britannique', 'Camions légers', 2011, 86606, 3235132),
('Colombie Britannique', 'Camions légers', 2012, 92929, 3491447),
('Colombie Britannique', 'Camions légers', 2013, 98841, 3659030),
('Colombie Britannique', 'Camions légers', 2014, 105800, 4128076),
('Colombie Britannique', 'Camions légers', 2015, 116392, 4612445),
('Colombie Britannique', 'Camions légers', 2016, 130025, 5333164),
('Colombie Britannique', 'Camions légers', 2017, 143042, 6161108),
('Colombie Britannique', 'Camions légers', 2018, 161565, 7148978),
('Colombie Britannique', 'Camions légers', 2019, 158134, 7256541),
('Colombie Britannique', 'Camions légers', 2020, 152673, 7113935),
('Colombie Britannique', 'Camions légers', 2021, 135405, 6447366),
('Colombie Britannique', 'Camions lourds', 2011, 1788, 190847),
('Colombie Britannique', 'Camions lourds', 2012, 2613, 283050),
('Colombie Britannique', 'Camions lourds', 2013, 3245, 357330),
('Colombie Britannique', 'Camions lourds', 2014, 3337, 360321),
('Colombie Britannique', 'Camions lourds', 2015, 3764, 429565),
('Colombie Britannique', 'Camions lourds', 2016, 4105, 456797),
('Colombie Britannique', 'Camions lourds', 2017, 3454, 410491),
('Colombie Britannique', 'Camions lourds', 2018, 4167, 500268),
('Colombie Britannique', 'Camions lourds', 2019, 5788, 731985),
('Colombie Britannique', 'Camions lourds', 2020, 4687, 579883),
('Colombie Britannique', 'Camions lourds', 2021, 3613, 454255),
('Colombie Britannique', 'Voitures', 2011, 68097, 1957370),
('Colombie Britannique', 'Voitures', 2012, 64646, 1883963),
('Colombie Britannique', 'Voitures', 2013, 73663, 2119281),
('Colombie Britannique', 'Voitures', 2014, 74761, 2155026),
('Colombie Britannique', 'Voitures', 2015, 77329, 2289143),
('Colombie Britannique', 'Voitures', 2016, 76824, 2416685),
('Colombie Britannique', 'Voitures', 2017, 74978, 2447081),
('Colombie Britannique', 'Voitures', 2018, 71057, 2455663),
('Colombie Britannique', 'Voitures', 2019, 63988, 2329042),
('Colombie Britannique', 'Voitures', 2020, 58336, 2255243),
('Colombie Britannique', 'Voitures', 2021, 40259, 1679710),
('île-du-Prince-Édouard', 'Autobus', 2011, 0, 0),
('île-du-Prince-Édouard', 'Autobus', 2012, 0, 0),
('île-du-Prince-Édouard', 'Autobus', 2013, 0, 0),
('île-du-Prince-Édouard', 'Autobus', 2014, 0, 0),
('île-du-Prince-Édouard', 'Autobus', 2015, 0, 0),
('île-du-Prince-Édouard', 'Autobus', 2016, 0, 0),
('île-du-Prince-Édouard', 'Autobus', 2017, 0, 0),
('île-du-Prince-Édouard', 'Autobus', 2018, 0, 0),
('île-du-Prince-Édouard', 'Autobus', 2019, 0, 0),
('île-du-Prince-Édouard', 'Autobus', 2020, 0, 0),
('île-du-Prince-Édouard', 'Autobus', 2021, 0, 0),
('île-du-Prince-Édouard', 'Camions légers', 2011, 2901, 91671),
('île-du-Prince-Édouard', 'Camions légers', 2012, 2982, 94077),
('île-du-Prince-Édouard', 'Camions légers', 2013, 0, 0),
('île-du-Prince-Édouard', 'Camions légers', 2014, 0, 0),
('île-du-Prince-Édouard', 'Camions légers', 2015, 3702, 124800),
('île-du-Prince-Édouard', 'Camions légers', 2016, 4446, 154911),
('île-du-Prince-Édouard', 'Camions légers', 2017, 5607, 204456),
('île-du-Prince-Édouard', 'Camions légers', 2018, 0, 0),
('île-du-Prince-Édouard', 'Camions légers', 2019, 0, 0),
('île-du-Prince-Édouard', 'Camions légers', 2020, 0, 0),
('île-du-Prince-Édouard', 'Camions légers', 2021, 0, 0),
('île-du-Prince-Édouard', 'Camions lourds', 2011, 0, 0),
('île-du-Prince-Édouard', 'Camions lourds', 2012, 0, 0),
('île-du-Prince-Édouard', 'Camions lourds', 2013, 0, 0),
('île-du-Prince-Édouard', 'Camions lourds', 2014, 0, 0),
('île-du-Prince-Édouard', 'Camions lourds', 2015, 0, 0),
('île-du-Prince-Édouard', 'Camions lourds', 2016, 0, 0),
('île-du-Prince-Édouard', 'Camions lourds', 2017, 0, 0),
('île-du-Prince-Édouard', 'Camions lourds', 2018, 0, 0),
('île-du-Prince-Édouard', 'Camions lourds', 2019, 0, 0),
('île-du-Prince-Édouard', 'Camions lourds', 2020, 0, 0),
('île-du-Prince-Édouard', 'Camions lourds', 2021, 0, 0),
('île-du-Prince-Édouard', 'Voitures', 2011, 2854, 63893),
('île-du-Prince-Édouard', 'Voitures', 2012, 2771, 61379),
('île-du-Prince-Édouard', 'Voitures', 2013, 3399, 76601),
('île-du-Prince-Édouard', 'Voitures', 2014, 3989, 92166),
('île-du-Prince-Édouard', 'Voitures', 2015, 3820, 90886),
('île-du-Prince-Édouard', 'Voitures', 2016, 3432, 82816),
('île-du-Prince-Édouard', 'Voitures', 2017, 3101, 76737),
('île-du-Prince-Édouard', 'Voitures', 2018, 2849, 71237),
('île-du-Prince-Édouard', 'Voitures', 2019, 2386, 59366),
('île-du-Prince-Édouard', 'Voitures', 2020, 2214, 58704),
('île-du-Prince-Édouard', 'Voitures', 2021, 1430, 37963),
('Manitoba', 'Autobus', 2011, 0, 0),
('Manitoba', 'Autobus', 2012, 0, 0),
('Manitoba', 'Autobus', 2013, 0, 0),
('Manitoba', 'Autobus', 2014, 164, 33304),
('Manitoba', 'Autobus', 2015, 171, 24384),
('Manitoba', 'Autobus', 2016, 179, 38970),
('Manitoba', 'Autobus', 2017, 138, 13714),
('Manitoba', 'Autobus', 2018, 105, 18873),
('Manitoba', 'Autobus', 2019, 0, 0),
('Manitoba', 'Autobus', 2020, 199, 38814),
('Manitoba', 'Autobus', 2021, 80, 20824),
('Manitoba', 'Camions légers', 2011, 28358, 993961),
('Manitoba', 'Camions légers', 2012, 30942, 1094481),
('Manitoba', 'Camions légers', 2013, 32434, 1117802),
('Manitoba', 'Camions légers', 2014, 35622, 1311124),
('Manitoba', 'Camions légers', 2015, 38327, 1442704),
('Manitoba', 'Camions légers', 2016, 39796, 1550179),
('Manitoba', 'Camions légers', 2017, 41279, 1686467),
('Manitoba', 'Camions légers', 2018, 48000, 2006601),
('Manitoba', 'Camions légers', 2019, 51022, 2099429),
('Manitoba', 'Camions légers', 2020, 45817, 1973857),
('Manitoba', 'Camions légers', 2021, 38741, 1773801),
('Manitoba', 'Camions lourds', 2011, 0, 0),
('Manitoba', 'Camions lourds', 2012, 0, 0),
('Manitoba', 'Camions lourds', 2013, 0, 0),
('Manitoba', 'Camions lourds', 2014, 1611, 175902),
('Manitoba', 'Camions lourds', 2015, 1758, 190545),
('Manitoba', 'Camions lourds', 2016, 2023, 231113),
('Manitoba', 'Camions lourds', 2017, 1628, 199430),
('Manitoba', 'Camions lourds', 2018, 1521, 193645),
('Manitoba', 'Camions lourds', 2019, 0, 0),
('Manitoba', 'Camions lourds', 2020, 1766, 237583),
('Manitoba', 'Camions lourds', 2021, 1480, 206671),
('Manitoba', 'Voitures', 2011, 15732, 397842),
('Manitoba', 'Voitures', 2012, 15780, 401566),
('Manitoba', 'Voitures', 2013, 17322, 436675),
('Manitoba', 'Voitures', 2014, 18878, 478932),
('Manitoba', 'Voitures', 2015, 17527, 452838),
('Manitoba', 'Voitures', 2016, 15988, 432218),
('Manitoba', 'Voitures', 2017, 14383, 406612),
('Manitoba', 'Voitures', 2018, 13571, 398990),
('Manitoba', 'Voitures', 2019, 14707, 448014),
('Manitoba', 'Voitures', 2020, 9724, 314091),
('Manitoba', 'Voitures', 2021, 6751, 215144),
('Nouveau-Brunswick', 'Autobus', 2011, 0, 0),
('Nouveau-Brunswick', 'Autobus', 2012, 6, 1862),
('Nouveau-Brunswick', 'Autobus', 2013, 0, 0),
('Nouveau-Brunswick', 'Autobus', 2014, 0, 0),
('Nouveau-Brunswick', 'Autobus', 2015, 61, 6691),
('Nouveau-Brunswick', 'Autobus', 2016, 92, 7883),
('Nouveau-Brunswick', 'Autobus', 2017, 94, 14891),
('Nouveau-Brunswick', 'Autobus', 2018, 0, 0),
('Nouveau-Brunswick', 'Autobus', 2019, 0, 0),
('Nouveau-Brunswick', 'Autobus', 2020, 108, 19325),
('Nouveau-Brunswick', 'Autobus', 2021, 0, 0),
('Nouveau-Brunswick', 'Camions légers', 2011, 20801, 695524),
('Nouveau-Brunswick', 'Camions légers', 2012, 21876, 706625),
('Nouveau-Brunswick', 'Camions légers', 2013, 20321, 639589),
('Nouveau-Brunswick', 'Camions légers', 2014, 21253, 722678),
('Nouveau-Brunswick', 'Camions légers', 2015, 22899, 794298),
('Nouveau-Brunswick', 'Camions légers', 2016, 26783, 968791),
('Nouveau-Brunswick', 'Camions légers', 2017, 29511, 1102815),
('Nouveau-Brunswick', 'Camions légers', 2018, 30318, 1183456),
('Nouveau-Brunswick', 'Camions légers', 2019, 29253, 1155207),
('Nouveau-Brunswick', 'Camions légers', 2020, 30664, 1245871),
('Nouveau-Brunswick', 'Camions légers', 2021, 27484, 1152963),
('Nouveau-Brunswick', 'Camions lourds', 2011, 0, 0),
('Nouveau-Brunswick', 'Camions lourds', 2012, 1148, 124615),
('Nouveau-Brunswick', 'Camions lourds', 2013, 0, 0),
('Nouveau-Brunswick', 'Camions lourds', 2014, 0, 0),
('Nouveau-Brunswick', 'Camions lourds', 2015, 1124, 124329),
('Nouveau-Brunswick', 'Camions lourds', 2016, 1355, 150163),
('Nouveau-Brunswick', 'Camions lourds', 2017, 1119, 138873),
('Nouveau-Brunswick', 'Camions lourds', 2018, 0, 0),
('Nouveau-Brunswick', 'Camions lourds', 2019, 0, 0),
('Nouveau-Brunswick', 'Camions lourds', 2020, 1338, 185408),
('Nouveau-Brunswick', 'Camions lourds', 2021, 0, 0),
('Nouveau-Brunswick', 'Voitures', 2011, 16970, 404421),
('Nouveau-Brunswick', 'Voitures', 2012, 16473, 388994),
('Nouveau-Brunswick', 'Voitures', 2013, 18322, 433450),
('Nouveau-Brunswick', 'Voitures', 2014, 19053, 456724),
('Nouveau-Brunswick', 'Voitures', 2015, 18572, 450904),
('Nouveau-Brunswick', 'Voitures', 2016, 16505, 407105),
('Nouveau-Brunswick', 'Voitures', 2017, 14260, 363255),
('Nouveau-Brunswick', 'Voitures', 2018, 13194, 349425),
('Nouveau-Brunswick', 'Voitures', 2019, 10756, 285939),
('Nouveau-Brunswick', 'Voitures', 2020, 8892, 250309),
('Nouveau-Brunswick', 'Voitures', 2021, 6180, 181150),
('Nouvelle-Écosse', 'Autobus', 2011, 0, 0),
('Nouvelle-Écosse', 'Autobus', 2012, 14, 6214),
('Nouvelle-Écosse', 'Autobus', 2013, 0, 0),
('Nouvelle-Écosse', 'Autobus', 2014, 0, 0),
('Nouvelle-Écosse', 'Autobus', 2015, 0, 0),
('Nouvelle-Écosse', 'Autobus', 2016, 0, 0),
('Nouvelle-Écosse', 'Autobus', 2017, 0, 0),
('Nouvelle-Écosse', 'Autobus', 2018, 0, 0),
('Nouvelle-Écosse', 'Autobus', 2019, 0, 0),
('Nouvelle-Écosse', 'Autobus', 2020, 0, 0),
('Nouvelle-Écosse', 'Autobus', 2021, 12, 3873),
('Nouvelle-Écosse', 'Camions légers', 2011, 22562, 756966),
('Nouvelle-Écosse', 'Camions légers', 2012, 21971, 719237),
('Nouvelle-Écosse', 'Camions légers', 2013, 22246, 712217),
('Nouvelle-Écosse', 'Camions légers', 2014, 24379, 836143),
('Nouvelle-Écosse', 'Camions légers', 2015, 26776, 940158),
('Nouvelle-Écosse', 'Camions légers', 2016, 31016, 1120877),
('Nouvelle-Écosse', 'Camions légers', 2017, 33623, 1272492),
('Nouvelle-Écosse', 'Camions légers', 2018, 37568, 1448405),
('Nouvelle-Écosse', 'Camions légers', 2019, 34905, 1370020),
('Nouvelle-Écosse', 'Camions légers', 2020, 36343, 1468240),
('Nouvelle-Écosse', 'Camions légers', 2021, 30673, 1269693),
('Nouvelle-Écosse', 'Camions lourds', 2011, 0, 0),
('Nouvelle-Écosse', 'Camions lourds', 2012, 570, 59738),
('Nouvelle-Écosse', 'Camions lourds', 2013, 0, 0),
('Nouvelle-Écosse', 'Camions lourds', 2014, 0, 0),
('Nouvelle-Écosse', 'Camions lourds', 2015, 0, 0),
('Nouvelle-Écosse', 'Camions lourds', 2016, 0, 0),
('Nouvelle-Écosse', 'Camions lourds', 2017, 0, 0),
('Nouvelle-Écosse', 'Camions lourds', 2018, 0, 0),
('Nouvelle-Écosse', 'Camions lourds', 2019, 0, 0),
('Nouvelle-Écosse', 'Camions lourds', 2020, 0, 0),
('Nouvelle-Écosse', 'Camions lourds', 2021, 553, 68121),
('Nouvelle-Écosse', 'Voitures', 2011, 24256, 576166),
('Nouvelle-Écosse', 'Voitures', 2012, 23342, 556354),
('Nouvelle-Écosse', 'Voitures', 2013, 25777, 623714),
('Nouvelle-Écosse', 'Voitures', 2014, 27389, 662419),
('Nouvelle-Écosse', 'Voitures', 2015, 26480, 654176),
('Nouvelle-Écosse', 'Voitures', 2016, 23277, 586616),
('Nouvelle-Écosse', 'Voitures', 2017, 20257, 522183),
('Nouvelle-Écosse', 'Voitures', 2018, 20784, 553729),
('Nouvelle-Écosse', 'Voitures', 2019, 17247, 461327),
('Nouvelle-Écosse', 'Voitures', 2020, 14096, 400393),
('Nouvelle-Écosse', 'Voitures', 2021, 8729, 254165),
('Ontario', 'Autobus', 2011, 1243, 442637),
('Ontario', 'Autobus', 2012, 901, 239200),
('Ontario', 'Autobus', 2013, 857, 205532),
('Ontario', 'Autobus', 2014, 875, 154774),
('Ontario', 'Autobus', 2015, 1306, 291204),
('Ontario', 'Autobus', 2016, 1190, 228702),
('Ontario', 'Autobus', 2017, 1622, 332641),
('Ontario', 'Autobus', 2018, 1760, 449385),
('Ontario', 'Autobus', 2019, 2406, 546657),
('Ontario', 'Autobus', 2020, 1886, 502958),
('Ontario', 'Autobus', 2021, 1020, 272522),
('Ontario', 'Camions légers', 2011, 314257, 10979717),
('Ontario', 'Camions légers', 2012, 324675, 11263897),
('Ontario', 'Camions légers', 2013, 325239, 11196830),
('Ontario', 'Camions légers', 2014, 350041, 12602446),
('Ontario', 'Camions légers', 2015, 415774, 15054378),
('Ontario', 'Camions légers', 2016, 476312, 17846073),
('Ontario', 'Camions légers', 2017, 537016, 21231080),
('Ontario', 'Camions légers', 2018, 566308, 23255065),
('Ontario', 'Camions légers', 2019, 588984, 24871564),
('Ontario', 'Camions légers', 2020, 611365, 26510499),
('Ontario', 'Camions légers', 2021, 503172, 22603587),
('Ontario', 'Camions lourds', 2011, 8818, 937743),
('Ontario', 'Camions lourds', 2012, 11823, 1236435),
('Ontario', 'Camions lourds', 2013, 12951, 1360926),
('Ontario', 'Camions lourds', 2014, 11382, 1186377),
('Ontario', 'Camions lourds', 2015, 13561, 1356077),
('Ontario', 'Camions lourds', 2016, 17385, 1757568),
('Ontario', 'Camions lourds', 2017, 14036, 1566045),
('Ontario', 'Camions lourds', 2018, 15487, 1783943),
('Ontario', 'Camions lourds', 2019, 19249, 2349821),
('Ontario', 'Camions lourds', 2020, 18951, 2289317),
('Ontario', 'Camions lourds', 2021, 12996, 1626980),
('Ontario', 'Voitures', 2011, 262315, 7421368),
('Ontario', 'Voitures', 2012, 263269, 7322436),
('Ontario', 'Voitures', 2013, 293019, 8162439),
('Ontario', 'Voitures', 2014, 294388, 8362373),
('Ontario', 'Voitures', 2015, 302077, 8716629),
('Ontario', 'Voitures', 2016, 283829, 8534834),
('Ontario', 'Voitures', 2017, 269088, 8454192),
('Ontario', 'Voitures', 2018, 273600, 8998482),
('Ontario', 'Voitures', 2019, 256209, 8620834),
('Ontario', 'Voitures', 2020, 216504, 7568654),
('Ontario', 'Voitures', 2021, 135666, 5007977),
('Québec', 'Autobus', 2011, 1159, 325977),
('Québec', 'Autobus', 2012, 920, 250453),
('Québec', 'Autobus', 2013, 741, 170126),
('Québec', 'Autobus', 2014, 824, 166380),
('Québec', 'Autobus', 2015, 954, 144395),
('Québec', 'Autobus', 2016, 596, 129306),
('Québec', 'Autobus', 2017, 837, 223472),
('Québec', 'Autobus', 2018, 1118, 289526),
('Québec', 'Autobus', 2019, 0, 0),
('Québec', 'Autobus', 2020, 712, 283102),
('Québec', 'Autobus', 2021, 0, 0),
('Québec', 'Camions légers', 2011, 178098, 5757758),
('Québec', 'Camions légers', 2012, 179581, 6053108),
('Québec', 'Camions légers', 2013, 175109, 5831111),
('Québec', 'Camions légers', 2014, 180093, 6304759),
('Québec', 'Camions légers', 2015, 191028, 6797525),
('Québec', 'Camions légers', 2016, 225602, 8259094),
('Québec', 'Camions légers', 2017, 259522, 9979165),
('Québec', 'Camions légers', 2018, 273186, 10844589),
('Québec', 'Camions légers', 2019, 284410, 11529586),
('Québec', 'Camions légers', 2020, 301357, 12470491),
('Québec', 'Camions légers', 2021, 267604, 11223207),
('Québec', 'Camions lourds', 2011, 4983, 516870),
('Québec', 'Camions lourds', 2012, 5577, 583965),
('Québec', 'Camions lourds', 2013, 6615, 685325),
('Québec', 'Camions lourds', 2014, 5632, 578168),
('Québec', 'Camions lourds', 2015, 5688, 606191),
('Québec', 'Camions lourds', 2016, 7008, 737714),
('Québec', 'Camions lourds', 2017, 6233, 716213),
('Québec', 'Camions lourds', 2018, 6780, 861867),
('Québec', 'Camions lourds', 2019, 0, 0),
('Québec', 'Camions lourds', 2020, 9529, 1188623),
('Québec', 'Camions lourds', 2021, 0, 0),
('Québec', 'Voitures', 2011, 235607, 5866064),
('Québec', 'Voitures', 2012, 227467, 5667290),
('Québec', 'Voitures', 2013, 240611, 6079621),
('Québec', 'Voitures', 2014, 232923, 5982995),
('Québec', 'Voitures', 2015, 229151, 5917766),
('Québec', 'Voitures', 2016, 218456, 5778338),
('Québec', 'Voitures', 2017, 198551, 5467004),
('Québec', 'Voitures', 2018, 187726, 5396494),
('Québec', 'Voitures', 2019, 168280, 5026583),
('Québec', 'Voitures', 2020, 143772, 4605863),
('Québec', 'Voitures', 2021, 102506, 3434555),
('Saskatchewan', 'Autobus', 2011, 132, 16613),
('Saskatchewan', 'Autobus', 2012, 68, 10161),
('Saskatchewan', 'Autobus', 2013, 161, 12895),
('Saskatchewan', 'Autobus', 2014, 108, 15910),
('Saskatchewan', 'Autobus', 2015, 363, 36402),
('Saskatchewan', 'Autobus', 2016, 163, 18475),
('Saskatchewan', 'Autobus', 2017, 217, 21717),
('Saskatchewan', 'Autobus', 2018, 172, 26508),
('Saskatchewan', 'Autobus', 2019, 0, 0),
('Saskatchewan', 'Autobus', 2020, 61, 15005),
('Saskatchewan', 'Autobus', 2021, 139, 15722),
('Saskatchewan', 'Camions légers', 2011, 33967, 1254652),
('Saskatchewan', 'Camions légers', 2012, 37770, 1414436),
('Saskatchewan', 'Camions légers', 2013, 41153, 1509068),
('Saskatchewan', 'Camions légers', 2014, 44915, 1764526),
('Saskatchewan', 'Camions légers', 2015, 44129, 1773211),
('Saskatchewan', 'Camions légers', 2016, 43073, 1792792),
('Saskatchewan', 'Camions légers', 2017, 41597, 1825578),
('Saskatchewan', 'Camions légers', 2018, 46429, 2078549),
('Saskatchewan', 'Camions légers', 2019, 42001, 1936735),
('Saskatchewan', 'Camions légers', 2020, 41756, 1940744),
('Saskatchewan', 'Camions légers', 2021, 37078, 1769496),
('Saskatchewan', 'Camions lourds', 2011, 919, 93525),
('Saskatchewan', 'Camions lourds', 2012, 1378, 142230),
('Saskatchewan', 'Camions lourds', 2013, 1729, 182252),
('Saskatchewan', 'Camions lourds', 2014, 1568, 171301),
('Saskatchewan', 'Camions lourds', 2015, 1649, 185706),
('Saskatchewan', 'Camions lourds', 2016, 1249, 138691),
('Saskatchewan', 'Camions lourds', 2017, 1019, 127789),
('Saskatchewan', 'Camions lourds', 2018, 948, 123282),
('Saskatchewan', 'Camions lourds', 2019, 0, 0),
('Saskatchewan', 'Camions lourds', 2020, 960, 128909),
('Saskatchewan', 'Camions lourds', 2021, 655, 87503),
('Saskatchewan', 'Voitures', 2011, 12581, 323657),
('Saskatchewan', 'Voitures', 2012, 11862, 320071),
('Saskatchewan', 'Voitures', 2013, 13474, 359940),
('Saskatchewan', 'Voitures', 2014, 12546, 341467),
('Saskatchewan', 'Voitures', 2015, 12293, 343295),
('Saskatchewan', 'Voitures', 2016, 10646, 303345),
('Saskatchewan', 'Voitures', 2017, 9266, 278449),
('Saskatchewan', 'Voitures', 2018, 8743, 272747),
('Saskatchewan', 'Voitures', 2019, 7156, 229924),
('Saskatchewan', 'Voitures', 2020, 5958, 196935),
('Saskatchewan', 'Voitures', 2021, 4030, 136187),
('Terre-Neuve-et-Labrador', 'Autobus', 2011, 0, 0),
('Terre-Neuve-et-Labrador', 'Autobus', 2012, 0, 0),
('Terre-Neuve-et-Labrador', 'Autobus', 2013, 0, 0),
('Terre-Neuve-et-Labrador', 'Autobus', 2014, 0, 0),
('Terre-Neuve-et-Labrador', 'Autobus', 2015, 0, 0),
('Terre-Neuve-et-Labrador', 'Autobus', 2016, 0, 0),
('Terre-Neuve-et-Labrador', 'Autobus', 2017, 0, 0),
('Terre-Neuve-et-Labrador', 'Autobus', 2018, 0, 0),
('Terre-Neuve-et-Labrador', 'Autobus', 2019, 0, 0),
('Terre-Neuve-et-Labrador', 'Autobus', 2020, 0, 0),
('Terre-Neuve-et-Labrador', 'Autobus', 2021, 0, 0),
('Terre-Neuve-et-Labrador', 'Camions légers', 2011, 17534, 603869),
('Terre-Neuve-et-Labrador', 'Camions légers', 2012, 18209, 603373),
('Terre-Neuve-et-Labrador', 'Camions légers', 2013, 0, 0),
('Terre-Neuve-et-Labrador', 'Camions légers', 2014, 0, 0),
('Terre-Neuve-et-Labrador', 'Camions légers', 2015, 21885, 778514),
('Terre-Neuve-et-Labrador', 'Camions légers', 2016, 23297, 857788),
('Terre-Neuve-et-Labrador', 'Camions légers', 2017, 24042, 921004),
('Terre-Neuve-et-Labrador', 'Camions légers', 2018, 0, 0),
('Terre-Neuve-et-Labrador', 'Camions légers', 2019, 0, 0),
('Terre-Neuve-et-Labrador', 'Camions légers', 2020, 0, 0),
('Terre-Neuve-et-Labrador', 'Camions légers', 2021, 0, 0),
('Terre-Neuve-et-Labrador', 'Camions lourds', 2011, 188, 22061),
('Terre-Neuve-et-Labrador', 'Camions lourds', 2012, 222, 24081),
('Terre-Neuve-et-Labrador', 'Camions lourds', 2013, 227, 23244),
('Terre-Neuve-et-Labrador', 'Camions lourds', 2014, 205, 21213),
('Terre-Neuve-et-Labrador', 'Camions lourds', 2015, 0, 0),
('Terre-Neuve-et-Labrador', 'Camions lourds', 2016, 0, 0),
('Terre-Neuve-et-Labrador', 'Camions lourds', 2017, 0, 0),
('Terre-Neuve-et-Labrador', 'Camions lourds', 2018, 176, 18724),
('Terre-Neuve-et-Labrador', 'Camions lourds', 2019, 174, 18449),
('Terre-Neuve-et-Labrador', 'Camions lourds', 2020, 144, 15519),
('Terre-Neuve-et-Labrador', 'Camions lourds', 2021, 0, 0),
('Terre-Neuve-et-Labrador', 'Voitures', 2011, 13947, 308842),
('Terre-Neuve-et-Labrador', 'Voitures', 2012, 12385, 281539),
('Terre-Neuve-et-Labrador', 'Voitures', 2013, 14054, 321522),
('Terre-Neuve-et-Labrador', 'Voitures', 2014, 14429, 336104),
('Terre-Neuve-et-Labrador', 'Voitures', 2015, 13308, 317210),
('Terre-Neuve-et-Labrador', 'Voitures', 2016, 11520, 281638),
('Terre-Neuve-et-Labrador', 'Voitures', 2017, 9471, 235961),
('Terre-Neuve-et-Labrador', 'Voitures', 2018, 8832, 224294),
('Terre-Neuve-et-Labrador', 'Voitures', 2019, 7494, 189477),
('Terre-Neuve-et-Labrador', 'Voitures', 2020, 6083, 167280),
('Terre-Neuve-et-Labrador', 'Voitures', 2021, 4271, 118044);

--
-- Contraintes pour les tables déchargées
--

--
-- Contraintes pour la table `ventes`
--
ALTER TABLE `ventes`
  ADD CONSTRAINT `ventes_ibfk_1` FOREIGN KEY (`TypeVeh`) REFERENCES `vehicules` (`typeVehicule`) ON DELETE CASCADE ON UPDATE CASCADE,
  ADD CONSTRAINT `ventes_ibfk_2` FOREIGN KEY (`Province`) REFERENCES `provinces` (`nomProvince`) ON DELETE CASCADE ON UPDATE CASCADE;
COMMIT;

/*!40101 SET CHARACTER_SET_CLIENT=@OLD_CHARACTER_SET_CLIENT */;
/*!40101 SET CHARACTER_SET_RESULTS=@OLD_CHARACTER_SET_RESULTS */;
/*!40101 SET COLLATION_CONNECTION=@OLD_COLLATION_CONNECTION */;
